,trade_date,ts_code,open,high,low,close,pre_close,change,pct_chg,vol,amount,turnover_rate,volume_ratio,ma2,ma_v_2,ma3,ma_v_3,ma4,ma_v_4,ma5,ma_v_5,ma8,ma_v_8,ma10,ma_v_10,ma15,ma_v_15,ma20,ma_v_20
0,20190830,601838.SH,8.2,8.24,8.15,8.19,8.18,0.01,0.1222,111795.74,91555.239,0.5989,1.02,8.185,108504.3,8.1967,103368.01,8.1925,116012.33,8.178,110644.554,8.1625,105003.6087,8.152,114048.471,8.1007,110216.0,8.0605,124247.573
1,20190829,601838.SH,8.23,8.26,8.13,8.18,8.22,-0.04,-0.4866,105212.86,86059.686,0.5637,0.99,8.2,99154.145,8.1933,117417.86,8.175,110356.7575,8.176,109654.654,8.1525,106865.5875,8.133,113450.231,8.0787,113422.3793,8.064,125788.4465
2,20190828,601838.SH,8.21,8.25,8.14,8.22,8.18,0.04,0.489,93095.43,76323.451,0.4987,0.88,8.2,123520.36,8.1733,112071.39,8.175,110765.1025,8.164,106523.92,8.1437,115434.5137,8.115,112929.244,8.0627,122040.6647,8.0755,126868.5545
3,20190827,601838.SH,8.17,8.29,8.15,8.18,8.12,0.06,0.7389,153945.29,126684.926,0.8247,1.53,8.15,121559.37,8.16,116654.9933,8.15,109881.0425,8.142,105984.968,8.1162,117024.2525,8.092,114043.399,8.0393,124607.4573,8.0895,128665.235
4,20190826,601838.SH,8.05,8.13,8.04,8.12,8.18,-0.06,-0.7335,89173.45,72230.142,0.4777,0.76,8.15,98009.845,8.14,95192.96,8.1325,93994.8875,8.128,100534.224,8.0937,110281.465,8.075,108464.094,8.0227,125595.7333,8.1115,127999.887
5,20190823,601838.SH,8.13,8.2,8.1,8.18,8.12,0.06,0.7389,106846.24,87079.604,0.5724,0.91,8.15,98202.715,8.1367,95602.0333,8.13,103374.4175,8.126,117452.388,8.0775,112164.4062,8.062,110001.723,8.0213,128781.9127,8.1315,127935.4585
6,20190822,601838.SH,8.1,8.13,8.07,8.12,8.11,0.01,0.1233,89559.19,72529.878,0.4798,0.75,8.115,89979.93,8.1133,102217.1433,8.1125,120103.925,8.09,117245.808,8.0562,111077.6562,8.03,115306.242,8.0267,131166.3773,8.1485,127507.462
7,20190821,601838.SH,8.1,8.12,8.07,8.11,8.11,0.0,0.0,90400.67,73134.952,0.4843,0.74,8.11,108546.12,8.11,130285.5033,8.0825,124167.4625,8.066,119334.568,8.04,112951.475,8.012,129799.037,8.046,133650.0993,8.1685,129449.2985
8,20190820,601838.SH,8.07,8.12,8.05,8.11,8.11,0.0,0.0,126691.57,102547.032,0.6787,1.09,8.11,150227.92,8.0733,135423.06,8.055,126568.0425,8.042,122101.83,8.0087,121637.82,7.988,133918.702,8.072,136225.324,8.1845,132713.1165
9,20190819,601838.SH,7.99,8.13,7.9,8.11,8.0,0.11,1.375,173764.27,139456.018,0.9309,1.69,8.055,139788.805,8.0367,126526.8667,8.025,120954.395,8.022,116393.964,7.9875,135112.2662,7.97,138126.488,8.106,137155.108,8.2025,131954.038
10,20190816,601838.SH,7.99,8.05,7.96,8.0,8.0,0.0,0.0,105813.34,84809.618,0.5669,0.93,8.0,102908.165,7.9967,103351.1033,8.0,102051.3875,7.998,102551.058,7.9575,129841.3975,7.969,134446.675,8.1333,131429.8153,8.214,128514.5745
11,20190815,601838.SH,7.88,8.02,7.8,8.0,7.99,0.01,0.1252,100002.99,79324.185,0.5357,0.71,7.995,102119.985,8.0,100797.4033,7.9975,101735.4875,7.97,113366.676,7.9487,137710.9087,7.995,138126.662,8.168,130928.0133,8.231,132403.705
12,20190814,601838.SH,8.06,8.08,7.97,7.99,8.01,-0.02,-0.2497,104236.98,83497.208,0.5584,0.72,8.0,101194.61,7.9967,102312.9867,7.9625,116707.5975,7.958,140263.506,7.9612,142331.3025,8.036,140807.865,8.2027,132820.8753,8.27,134198.686
13,20190813,601838.SH,7.93,8.02,7.91,8.01,7.99,0.02,0.2503,98152.24,78031.868,0.5258,0.61,8.0,101350.99,7.9533,120864.47,7.95,149270.1375,7.934,145735.574,7.995,147128.3312,8.087,143287.071,8.232,136250.212,8.312,135859.325
14,20190812,601838.SH,7.86,8.0,7.85,7.99,7.86,0.13,1.6539,104549.74,82905.851,0.5601,0.63,7.925,132220.585,7.93,166309.4367,7.915,157631.4075,7.918,159859.012,8.045,150711.1787,8.148,147535.68,8.2627,137140.7293,8.352,138664.151
15,20190809,601838.SH,7.96,7.98,7.83,7.86,7.94,-0.08,-1.0076,159891.43,126284.989,0.8566,0.98,7.9,197189.285,7.89,175325.2967,7.9,173686.33,7.94,166342.292,8.1087,153771.0912,8.201,145869.194,8.286,137169.08,8.3875,141604.6635
16,20190808,601838.SH,7.91,8.02,7.88,7.94,7.87,0.07,0.8895,234487.14,186227.274,1.2562,1.66,7.905,183042.23,7.9133,178284.63,7.96,167955.0075,8.02,162886.648,8.2037,151364.4537,8.267,139708.682,8.318,138749.3813,8.423,143708.1405
17,20190807,601838.SH,7.96,7.99,7.86,7.87,7.93,-0.06,-0.7566,131597.32,104185.421,0.705,0.93,7.9,150183.375,7.9667,145777.63,8.04,144986.525,8.114,141352.224,8.2762,133039.1712,8.325,129099.56,8.374,132177.0793,8.4465,148091.581
18,20190806,601838.SH,8.01,8.01,7.88,7.93,8.1,-0.17,-2.0988,168769.43,134121.83,0.9041,1.25,8.015,152867.785,8.0967,149449.5933,8.175,143790.95,8.24,140838.568,8.3575,128875.295,8.381,131507.531,8.438,132567.242,8.48,152729.6545
19,20190805,601838.SH,8.22,8.28,8.1,8.1,8.26,-0.16,-1.937,136966.14,112078.016,0.7338,1.09,8.18,139789.675,8.2567,135464.79,8.3175,133855.8525,8.378,135212.348,8.4312,123828.6062,8.435,125781.588,8.4967,131599.1973,8.5205,147793.107
20,20190802,601838.SH,8.27,8.34,8.21,8.26,8.41,-0.15,-1.7836,142613.21,117834.66,0.764,1.22,8.335,134714.115,8.39,132819.09,8.4475,134773.9,8.462,125396.096,8.4725,126167.4675,8.459,122582.474,8.5367,133358.7873,8.552,146299.35
21,20190801,601838.SH,8.45,8.49,8.36,8.41,8.5,-0.09,-1.0588,126815.02,106685.864,0.6794,1.09,8.455,127922.03,8.51,132160.7967,8.5125,121091.8175,8.514,116530.716,8.4987,122279.5662,8.467,126680.748,8.5573,137315.3047,8.585,145548.545
22,20190731,601838.SH,8.58,8.59,8.47,8.5,8.62,-0.12,-1.3921,129029.04,109888.315,0.6912,1.06,8.56,134833.685,8.5467,119184.0833,8.54,113959.64,8.536,116846.896,8.49,119549.5637,8.504,127589.507,8.5573,150338.0333,8.615,145021.603
23,20190730,601838.SH,8.54,8.63,8.5,8.62,8.52,0.1,1.1737,140638.33,120852.301,0.7534,1.21,8.57,114261.605,8.5533,108936.5067,8.545,113801.36,8.522,122176.494,8.47,126370.4275,8.537,128431.579,8.56,156693.35,8.637,143434.9035
24,20190729,601838.SH,8.53,8.57,8.48,8.52,8.52,0.0,0.0,87884.88,74871.079,0.4708,0.73,8.52,93085.595,8.52,104855.7033,8.4975,117561.035,8.492,116350.828,8.49,125778.4625,8.556,129792.622,8.568,151986.6933,8.6525,143600.9175
25,20190726,601838.SH,8.49,8.56,8.45,8.52,8.52,0.0,0.0,98286.31,83523.232,0.5265,0.72,8.52,113341.115,8.49,127453.0867,8.485,123467.315,8.456,119768.852,8.5287,131974.0725,8.574,137340.133,8.582,153267.1013,8.673,148414.4385
26,20190725,601838.SH,8.45,8.52,8.42,8.52,8.43,0.09,1.0676,128395.92,108874.999,0.6878,0.93,8.475,142036.475,8.4733,131860.9833,8.44,125139.4875,8.42,136830.78,8.565,138969.3788,8.579,147707.599,8.6087,155221.1547,8.6885,147975.066
27,20190724,601838.SH,8.45,8.53,8.4,8.43,8.47,-0.04,-0.4723,155677.03,131948.758,0.834,1.16,8.45,133593.515,8.4133,124054.01,8.395,138939.495,8.472,138332.118,8.5875,143339.8875,8.568,167083.602,8.6413,154413.172,8.709,146233.3125
28,20190723,601838.SH,8.33,8.47,8.32,8.47,8.34,0.13,1.5588,111510.0,93644.466,0.5974,0.78,8.405,108242.5,8.3833,133360.3167,8.4825,133995.89,8.552,134686.664,8.605,149125.38,8.579,173951.778,8.6753,150521.04,8.733,141846.8995
29,20190722,601838.SH,8.37,8.39,8.27,8.34,8.34,0.0,0.0,104975.0,87613.807,0.5624,0.68,8.34,144285.475,8.4867,141491.1867,8.5725,140480.83,8.62,143234.416,8.5975,175456.1237,8.606,169804.626,8.706,152684.2807,8.7565,142612.913
30,20190719,601838.SH,8.39,8.43,8.3,8.34,8.43,-0.09,-1.0676,183595.95,153558.241,0.9836,1.16,8.56,159749.28,8.65,152316.1067,8.69,152799.27,8.692,154911.414,8.6225,190379.0975,8.645,170016.226,8.7453,157962.9673,8.7895,143418.869
31,20190718,601838.SH,8.79,8.83,8.73,8.78,8.83,-0.05,-0.5663,135902.61,119284.124,0.7281,0.69,8.805,136676.185,8.8067,142533.71,8.78,147740.28,8.738,158584.418,8.6725,176184.4138,8.703,164416.342,8.778,151689.828,8.8265,142116.9
32,20190717,601838.SH,8.82,8.86,8.76,8.83,8.81,0.02,0.227,137449.76,121114.7,0.7364,0.64,8.82,145849.26,8.78,151686.17,8.7275,164254.87,8.664,195835.086,8.6662,172582.9625,8.726,162453.699,8.788,148867.044,8.8425,149705.4795
33,20190716,601838.SH,8.69,8.83,8.67,8.81,8.7,0.11,1.2644,154248.76,135518.181,0.8263,0.79,8.755,158804.375,8.6933,173189.9067,8.6225,210431.4175,8.606,213216.892,8.6775,171351.3813,8.737,158438.228,8.7933,144233.6447,8.85,151047.195
34,20190715,601838.SH,8.55,8.73,8.51,8.7,8.57,0.13,1.5169,163359.99,141290.639,0.8752,0.88,8.635,182660.48,8.56,229158.97,8.555,227958.925,8.592,196374.836,8.7025,166604.8088,8.749,157409.213,8.802,142405.7453,8.858,149723.837
35,20190712,601838.SH,8.45,8.58,8.39,8.57,8.41,0.16,1.9025,201960.97,171629.772,1.082,1.19,8.49,262058.46,8.5067,249491.9033,8.565,204628.5475,8.598,185121.038,8.7325,158346.6913,8.772,159488.744,8.822,139588.0207,8.8685,151559.3535
36,20190711,601838.SH,8.55,8.6,8.31,8.41,8.54,-0.13,-1.5222,322155.95,271980.615,1.7259,2.5,8.475,273257.37,8.5633,205517.74,8.605,180911.055,8.668,170248.266,8.7775,151096.3963,8.798,148242.533,8.856,136627.7273,8.881,161575.888
37,20190710,601838.SH,8.76,8.77,8.47,8.54,8.74,-0.2,-2.2883,224358.79,192755.109,1.2019,2.16,8.64,147198.635,8.67,133829.4233,8.7325,132271.345,8.788,129072.312,8.8425,133846.315,8.85,125383.023,8.902,134328.944,8.8965,151111.283
38,20190709,601838.SH,8.72,8.78,8.71,8.74,8.73,0.01,0.1145,70038.48,61178.688,0.3752,0.59,8.735,88564.74,8.7967,101575.53,8.85,105250.6925,8.868,103659.564,8.8787,116988.8238,8.887,109742.021,8.9313,130323.9627,8.904,146217.831
39,20190708,601838.SH,8.89,8.91,8.71,8.73,8.92,-0.19,-2.13,107091.0,94139.92,0.5737,0.8,8.825,117344.055,8.8867,116988.0967,8.9,112064.835,8.906,118443.59,8.9025,119929.12,8.907,115421.2,8.9467,134173.504,8.9025,154287.1385
40,20190705,601838.SH,9.02,9.02,8.86,8.92,9.01,-0.09,-0.9989,127597.11,113799.024,0.6836,1.01,8.965,121936.645,8.9567,113722.78,8.95,121281.7375,8.946,133856.45,8.925,115036.3413,8.934,116821.512,8.9587,140372.1253,8.895,155860.588
41,20190704,601838.SH,8.94,9.06,8.94,9.01,8.94,0.07,0.783,116276.18,104581.415,0.6229,0.96,8.975,106785.615,8.96,119176.6133,8.9525,135421.285,8.928,126236.8,8.9275,114940.4863,8.95,119817.458,8.952,158685.0953,8.872,153679.2065
42,20190703,601838.SH,8.94,8.96,8.89,8.94,8.93,0.01,0.112,97295.05,86887.452,0.5212,0.84,8.935,120626.83,8.9333,141802.9867,8.9075,128726.955,8.912,121693.734,8.9262,115542.7288,8.959,136957.26,8.9327,158457.6067,8.8435,151916.707
43,20190702,601838.SH,8.93,8.96,8.89,8.93,8.93,0.0,0.0,143958.61,128600.689,0.7712,1.28,8.93,164056.955,8.8967,139204.2567,8.905,127793.405,8.906,115824.478,8.9437,123075.4188,8.963,143656.162,8.916,160403.92,8.8165,150751.924
44,20190701,601838.SH,8.93,8.96,8.88,8.93,8.83,0.1,1.1325,184155.3,164493.213,0.9866,1.85,8.88,136827.08,8.8967,122405.0033,8.9,108790.945,8.908,112398.81,8.965,141039.8675,8.967,142038.461,8.9013,166234.988,8.792,150435.5625
45,20190628,601838.SH,8.91,8.96,8.8,8.83,8.93,-0.1,-1.1198,89498.86,79186.358,0.4795,0.79,8.88,91529.855,8.89,83669.4933,8.9025,94459.6875,8.922,99786.574,8.9712,138555.9638,8.965,143629.963,8.878,163195.3007,8.7695,145304.211
46,20190627,601838.SH,8.91,9.03,8.9,8.93,8.91,0.02,0.2245,93560.85,83817.958,0.5012,0.61,8.92,80754.81,8.9267,96113.2967,8.945,102358.5025,8.972,113398.116,8.9887,143341.3063,8.964,174909.243,8.8533,162826.6753,8.752,145160.8075
47,20190626,601838.SH,8.92,9.0,8.88,8.91,8.94,-0.03,-0.3356,67948.77,60575.808,0.364,0.4,8.925,97389.52,8.95,105291.0533,8.9825,118357.4325,9.006,152220.786,8.9862,156654.99,8.943,176839.543,8.8207,161991.0313,8.7355,145396.3585
48,20190625,601838.SH,9.02,9.05,8.81,8.94,9.0,-0.06,-0.6667,126830.27,113261.206,0.6795,0.74,8.97,123962.195,9.0067,135160.32,9.03,173288.79,9.02,171487.846,8.975,198447.8513,8.921,182693.641,8.7867,162394.406,8.7225,151567.2805
49,20190624,601838.SH,9.1,9.12,8.97,9.0,9.08,-0.08,-0.8811,121094.12,109199.288,0.6487,0.65,9.04,139325.345,9.06,188774.9633,9.04,182652.24,9.026,171678.112,8.9475,196702.0488,8.898,193153.077,8.7533,163114.48,8.703,152680.879
50,20190621,601838.SH,9.16,9.16,9.04,9.08,9.1,-0.02,-0.2198,157556.57,143184.487,0.8441,0.67,9.09,222615.385,9.0533,203171.6133,9.0325,184324.11,9.008,187473.352,8.9087,197376.5025,8.856,194899.664,8.7187,160476.7567,8.677,151412.543
51,20190620,601838.SH,8.95,9.19,8.92,9.1,8.98,0.12,1.3363,287674.2,261311.125,1.5411,1.43,9.04,225979.135,9.0167,193246.6233,8.99,194952.5475,8.956,236420.37,8.8625,206610.01,8.794,187540.955,8.6787,155748.3713,8.644,147398.5585
52,20190619,601838.SH,9.15,9.15,8.92,8.98,8.97,0.01,0.1115,164284.07,148534.312,0.8801,0.85,8.975,146032.835,8.9533,164045.33,8.92,223606.9125,8.88,201458.3,8.7975,187970.7338,8.728,166876.154,8.6453,143121.5493,8.6135,136316.225
53,20190618,601838.SH,8.89,8.99,8.82,8.97,8.91,0.06,0.6734,127781.6,114031.262,0.6846,0.6,8.94,163925.96,8.9,243381.1933,8.855,210751.8575,8.822,193899.436,8.7325,177931.41,8.67,157847.686,8.6233,144927.092,8.5925,133221.0295
54,20190617,601838.SH,8.8,9.06,8.76,8.91,8.82,0.09,1.0204,200070.32,179182.841,1.0718,0.99,8.865,301180.99,8.8167,238408.61,8.785,210428.895,8.77,214628.042,8.6662,172086.9838,8.617,158832.664,8.5953,146348.468,8.5655,133587.458
55,20190614,601838.SH,8.73,8.9,8.71,8.82,8.72,0.1,1.1468,402291.66,354729.018,2.1552,2.9,8.77,257577.755,8.7433,213881.7533,8.735,218267.4725,8.704,202325.976,8.6025,156328.1175,8.574,146978.459,8.5667,139392.2733,8.55,130674.2045
56,20190613,601838.SH,8.67,8.78,8.66,8.72,8.69,0.03,0.3452,112863.85,98490.968,0.6046,0.85,8.705,119676.8,8.7067,156926.0767,8.675,152334.555,8.632,138661.54,8.555,123245.5825,8.54,115412.372,8.54,117724.6213,8.5505,115729.3595
57,20190612,601838.SH,8.68,8.71,8.65,8.69,8.71,-0.02,-0.2296,126489.75,109747.143,0.6776,1.04,8.7,178957.19,8.66,165491.4567,8.61,145110.9625,8.576,132294.008,8.525,119328.635,8.528,113953.174,8.5247,114602.2,8.554,118311.5655
58,20190611,601838.SH,8.58,8.76,8.56,8.71,8.58,0.13,1.5152,231424.63,200762.625,1.2398,2.25,8.645,184992.31,8.5833,151318.0333,8.5475,133745.0725,8.518,121795.936,8.4987,114346.265,8.524,120440.92,8.516,112994.894,8.5545,120061.1435
59,20190610,601838.SH,8.5,8.66,8.47,8.58,8.46,0.12,1.4184,138559.99,118906.437,0.7423,1.51,8.52,111264.735,8.4933,101185.22,8.47,94388.7625,8.464,103037.286,8.485,97702.17,8.508,112208.681,8.4973,106573.93,8.5565,114279.393
60,20190606,601838.SH,8.47,8.49,8.41,8.46,8.44,0.02,0.237,83969.48,71027.072,0.4498,0.91,8.45,82497.835,8.4333,79665.02,8.435,94156.61,8.444,91630.942,8.4937,104303.0725,8.498,107925.422,8.4987,106790.2807,8.571,118112.265
61,20190605,601838.SH,8.46,8.55,8.42,8.44,8.4,0.04,0.4762,81026.19,68600.884,0.4341,0.85,8.42,77512.79,8.4267,97552.32,8.44,93546.3075,8.448,92163.204,8.505,112444.6675,8.494,107256.162,8.5233,108085.2993,8.5815,120832.847
62,20190604,601838.SH,8.4,8.43,8.35,8.4,8.44,-0.04,-0.4739,73999.39,62009.302,0.3964,0.62,8.42,105815.385,8.44,97719.68,8.45,94947.4575,8.48,95612.34,8.51,114282.3188,8.499,105756.296,8.5467,113650.7513,8.6005,124647.1715
63,20190603,601838.SH,8.48,8.53,8.3,8.44,8.48,-0.04,-0.4717,137631.38,115726.52,0.7373,1.13,8.46,109579.825,8.4667,101930.1467,8.5,101015.5775,8.53,119085.904,8.5125,114692.005,8.515,108594.373,8.5667,119482.8793,8.63,131951.103
64,20190531,601838.SH,8.5,8.54,8.46,8.48,8.48,0.0,0.0,81528.27,69283.807,0.4368,0.66,8.48,84079.53,8.52,88810.31,8.5525,114449.535,8.552,121380.076,8.5187,105741.5238,8.514,108342.252,8.5873,118026.762,8.6585,147375.2675
65,20190530,601838.SH,8.54,8.55,8.43,8.48,8.6,-0.12,-1.3953,86630.79,73397.474,0.4641,0.71,8.54,92451.33,8.5767,125423.29,8.57,131343.0275,8.552,124219.902,8.5287,108348.01,8.526,114369.95,8.6133,126939.3727,8.707,158251.321
66,20190529,601838.SH,8.56,8.64,8.53,8.6,8.65,-0.05,-0.578,98271.87,84271.076,0.5265,0.85,8.625,144819.54,8.6,146247.1067,8.57,133617.18,8.54,122349.12,8.5225,114407.9325,8.561,116046.347,8.626,130389.3947,8.747,170833.5645
67,20190528,601838.SH,8.53,8.65,8.45,8.65,8.55,0.1,1.1696,191367.21,163643.714,1.0252,1.95,8.6,170234.725,8.56,145398.95,8.525,128368.4325,8.518,115900.252,8.5225,119849.605,8.58,122669.957,8.6407,134325.4487,8.7735,176266.044
68,20190527,601838.SH,8.44,8.57,8.37,8.55,8.48,0.07,0.8255,149102.24,126139.577,0.7988,1.56,8.515,122414.82,8.4833,107368.84,8.485,97033.5125,8.5,98102.842,8.545,108853.0487,8.585,119681.367,8.6633,136239.5027,8.7985,182289.3635
69,20190524,601838.SH,8.4,8.61,8.39,8.48,8.42,0.06,0.7126,95727.4,81524.637,0.5128,0.92,8.45,86502.14,8.4633,79677.27,8.4875,85352.9925,8.476,95304.428,8.575,110778.765,8.605,116350.105,8.694,156040.3313,8.835,183030.7515
70,20190523,601838.SH,8.51,8.51,8.39,8.42,8.49,-0.07,-0.8245,77276.88,65198.909,0.414,0.7,8.455,71652.205,8.49,81894.8567,8.475,95198.685,8.5,104519.998,8.6025,118998.0037,8.644,128299.108,8.7587,169595.1273,8.8725,188820.4215
71,20190522,601838.SH,8.53,8.61,8.47,8.49,8.56,-0.07,-0.8178,66027.53,56343.854,0.3537,0.51,8.525,84203.845,8.4933,101172.62,8.52,111330.7775,8.582,109743.574,8.6437,123812.0962,8.669,134409.532,8.816,186995.046,8.9135,203235.2025
72,20190521,601838.SH,8.45,8.6,8.41,8.56,8.43,0.13,1.5421,102380.16,87415.685,0.5485,0.72,8.495,118745.165,8.53,126431.86,8.605,120672.585,8.642,129439.662,8.6912,142460.8337,8.702,143538.047,8.8587,196387.9747,8.9685,212442.105
73,20190520,601838.SH,8.51,8.58,8.3,8.43,8.6,-0.17,-1.9767,135110.17,113940.553,0.7238,0.98,8.515,138457.71,8.62,126770.06,8.6625,136204.5375,8.67,141259.892,8.705,146960.9538,8.745,155307.833,8.898,210351.5373,9.0175,220910.7615
74,20190517,601838.SH,8.84,8.84,8.56,8.6,8.83,-0.23,-2.6048,141805.25,123454.742,0.7597,0.93,8.715,122600.005,8.74,136569.3267,8.73,142797.3225,8.734,137395.782,8.7537,149736.2675,8.803,186408.283,8.9547,212272.8593,9.0755,240443.4
75,20190516,601838.SH,8.79,8.84,8.76,8.83,8.79,0.04,0.4551,103394.76,91086.674,0.5539,0.65,8.81,133951.365,8.7733,143128.0133,8.7675,136293.415,8.788,152078.218,8.8025,159520.3638,8.888,202132.692,8.9967,216920.5627,9.1265,268596.9315
76,20190515,601838.SH,8.74,8.84,8.71,8.79,8.7,0.09,1.0345,164507.97,144303.515,0.8813,1.04,8.745,162994.64,8.7467,147259.6333,8.7775,164249.0825,8.756,159075.49,8.825,202360.3525,8.933,225620.782,9.024,234399.0787,9.1485,285869.5405
77,20190514,601838.SH,8.68,8.78,8.67,8.7,8.75,-0.05,-0.5714,161481.31,140787.144,0.8651,0.95,8.725,138635.465,8.7733,164162.7867,8.7475,157717.37,8.762,157636.432,8.9075,219178.0238,8.967,229862.131,9.0773,240109.586,9.1675,286488.75
78,20190513,601838.SH,8.73,8.82,8.69,8.75,8.87,-0.12,-1.3529,115789.62,101286.853,0.6203,0.49,8.81,165503.525,8.7633,156462.7233,8.7775,156675.2125,8.82,169355.774,8.98,241277.3175,9.012,244897.36,9.1333,247461.0513,9.191,290219.3745
79,20190510,601838.SH,8.75,8.89,8.62,8.87,8.67,0.2,2.3068,215217.43,189066.206,1.153,0.85,8.77,176799.275,8.7867,170303.7433,8.8375,182747.3125,8.872,235420.784,9.0275,252668.7975,9.065,249711.398,9.1893,274792.606,9.212,293555.8375
80,20190509,601838.SH,8.76,8.82,8.64,8.67,8.82,-0.15,-1.7007,138381.12,120569.917,0.7413,0.47,8.745,147846.9,8.8267,171923.94,8.8725,240471.6225,8.988,252187.166,9.0625,264745.8187,9.101,249341.735,9.2393,307436.5027,9.2285,294448.647
81,20190508,601838.SH,8.8,8.96,8.75,8.82,8.99,-0.17,-1.891,157312.68,139150.007,0.8428,0.52,8.905,188695.35,8.94,274501.79,9.0675,280638.6775,9.11,292166.074,9.1387,267939.4287,9.158,272060.873,9.2793,328134.224,9.26,311319.4815
82,20190507,601838.SH,9.09,9.12,8.85,8.99,9.01,-0.02,-0.222,220078.02,197508.913,1.179,0.69,9.0,333096.345,9.15,321747.3433,9.1825,325879.4225,9.172,302087.83,9.19,274715.4437,9.235,281346.163,9.3027,329439.5227,9.283,332638.2255
83,20190506,601838.SH,9.2,9.35,8.84,9.01,9.45,-0.44,-4.6561,446114.67,406055.092,2.3899,1.69,9.23,372582.005,9.2467,361146.5567,9.2175,322590.2825,9.204,320438.946,9.2212,292902.2537,9.29,286513.69,9.3147,330507.2413,9.29,335770.0945
84,20190430,601838.SH,9.3,9.51,9.18,9.45,9.28,0.17,1.8319,299049.34,280000.55,1.6021,1.21,9.365,318662.5,9.2867,281415.4867,9.2525,289020.015,9.258,264002.012,9.2937,268408.6175,9.348,294478.517,9.3253,312934.1887,9.294,328687.5325
85,20190429,601838.SH,9.18,9.39,9.15,9.28,9.13,0.15,1.6429,338275.66,313576.108,1.8124,1.34,9.205,272598.56,9.1867,285676.9067,9.21,255240.18,9.214,246496.304,9.305,264996.6112,9.365,335061.171,9.3087,308535.8073,9.278,333546.109
86,20190426,601838.SH,9.15,9.22,9.08,9.13,9.15,-0.02,-0.2186,206921.46,189536.136,1.1086,0.79,9.14,259377.53,9.1867,227561.6867,9.1975,223551.465,9.206,251955.672,9.3437,288432.5212,9.364,346118.299,9.31,317703.9507,9.2615,334195.0625
87,20190425,601838.SH,9.32,9.44,9.15,9.15,9.28,-0.13,-1.4009,311833.6,290209.282,1.6707,1.23,9.215,237881.8,9.22,229094.8,9.225,263214.225,9.298,260604.496,9.405,350676.8237,9.368,343115.369,9.32,342821.6907,9.238,330686.121
88,20190424,601838.SH,9.28,9.33,9.13,9.28,9.23,0.05,0.5417,163930.0,151606.39,0.8783,0.5,9.255,187725.4,9.25,247007.7667,9.335,247797.22,9.376,252588.434,9.42,367803.4912,9.37,335541.389,9.3187,340880.4773,9.2175,321736.62
89,20190423,601838.SH,9.22,9.34,9.16,9.23,9.24,-0.01,-0.1082,211520.8,195722.928,1.1333,0.5,9.235,288546.65,9.3533,275752.96,9.4,274753.0425,9.438,324955.022,9.4062,369423.7612,9.359,337400.277,9.306,350249.3727,9.188,323610.706
90,20190422,601838.SH,9.61,9.67,9.2,9.24,9.59,-0.35,-3.6496,365572.5,344328.656,1.9586,0.83,9.415,307869.04,9.4567,295830.4567,9.49,353313.5775,9.516,423626.038,9.3987,372495.3862,9.356,339555.559,9.2993,362562.7107,9.167,325834.594
91,20190419,601838.SH,9.55,9.67,9.44,9.59,9.54,0.05,0.5241,250165.58,239041.711,1.3403,0.59,9.565,260959.435,9.5733,349227.27,9.585,438139.4225,9.522,440280.926,9.39,349613.6837,9.362,350578.09,9.28,361608.1927,9.157,321430.935
92,20190418,601838.SH,9.58,9.7,9.5,9.54,9.59,-0.05,-0.5214,271753.29,260712.863,1.456,0.65,9.565,398758.115,9.5833,500797.37,9.505,487809.7625,9.438,425626.242,9.3412,347477.1887,9.331,383930.288,9.218,354046.6627,9.136,327056.9425
93,20190417,601838.SH,9.56,9.85,9.53,9.59,9.62,-0.03,-0.3119,525762.94,508642.278,2.8169,1.5,9.605,615319.41,9.4933,559828.5867,9.4125,464094.48,9.364,418494.344,9.3112,372982.7537,9.29,385026.499,9.1647,344786.0153,9.1215,340901.5205
94,20190416,601838.SH,9.23,9.66,9.17,9.62,9.27,0.35,3.7756,704875.88,669606.438,3.7765,2.76,9.445,576861.41,9.3533,443538.3267,9.3075,391677.195,9.28,349845.532,9.2725,380223.3312,9.24,362896.548,9.1047,323162.6007,9.0945,328447.8005
95,20190415,601838.SH,9.38,9.44,9.19,9.27,9.17,0.1,1.0905,448846.94,419074.853,2.4048,1.72,9.22,312869.55,9.2033,287277.6333,9.195,261087.945,9.196,255485.08,9.2112,327453.2712,9.191,332031.047,9.0507,293237.446,9.0695,311450.693
96,20190412,601838.SH,9.13,9.2,9.1,9.17,9.17,0.0,0.0,176892.16,162021.729,0.9477,0.52,9.17,206492.98,9.17,198501.6133,9.1775,207144.615,9.202,260875.254,9.1887,309405.3325,9.159,322271.826,9.0353,281814.2713,9.052,301376.277
97,20190411,601838.SH,9.19,9.29,9.11,9.17,9.17,0.0,0.0,236093.8,217192.305,1.2649,0.67,9.17,209306.34,9.18,217228.7667,9.21,281871.0275,9.224,342234.334,9.1837,336821.4212,9.108,318256.873,9.0353,294200.5093,9.0365,305262.7395
98,20190410,601838.SH,9.19,9.22,9.1,9.17,9.2,-0.03,-0.3261,182518.88,166945.28,0.9779,0.49,9.185,207796.25,9.2233,297130.1033,9.2375,368769.4675,9.216,351558.654,9.1562,351216.5375,9.065,307931.851,9.0407,315037.246,9.025,311167.8115
99,20190409,601838.SH,9.24,9.31,9.11,9.2,9.3,-0.1,-1.0753,233073.62,214644.265,1.2487,0.57,9.25,354435.715,9.26,430852.9967,9.2275,393818.5975,9.2,375947.564,9.0925,345494.5062,9.017,309821.135,9.0327,321315.2233,9.017,325392.939
100,20190408,601838.SH,9.32,9.54,9.2,9.3,9.28,0.02,0.2155,475797.81,446340.192,2.5492,1.24,9.29,529742.685,9.2367,447400.2567,9.2,411666.05,9.186,408577.014,9.035,332965.7512,8.978,312113.629,9.0273,330105.8973,9.009,331472.468
101,20190404,601838.SH,9.16,9.36,9.13,9.28,9.13,0.15,1.6429,583687.56,540935.042,3.1272,1.98,9.205,433201.48,9.1667,390288.7967,9.1575,391771.815,9.116,383668.398,8.9587,298667.49,8.952,292283.78,9.002,314876.618,8.9835,348848.563
102,20190403,601838.SH,9.0,9.14,8.95,9.13,9.09,0.04,0.44,282715.4,256007.963,1.5147,1.07,9.11,293589.415,9.1167,327799.9,9.075,333663.6075,8.992,294279.412,8.9,257706.365,8.941,270183.597,8.974,292938.8747,8.9975,368187.032
103,20190402,601838.SH,9.14,9.26,9.06,9.09,9.13,-0.04,-0.4381,304463.43,278117.953,1.6312,1.25,9.11,350342.15,9.0567,350646.3433,8.9575,297170.415,8.914,264305.048,8.8887,257054.355,8.953,296776.542,8.9613,297704.1973,9.011,384078.6985
104,20190401,601838.SH,8.97,9.18,8.97,9.13,8.95,0.18,2.0112,396220.87,360834.121,2.1228,1.84,9.04,373737.8,8.9133,294739.41,8.87,254265.4525,8.834,243694.706,8.8987,264332.1425,8.949,293999.053,8.956,308541.3973,9.0215,390637.6475
105,20190329,601838.SH,8.71,8.98,8.67,8.95,8.66,0.29,3.3487,351254.73,311796.561,1.8819,1.75,8.805,243998.68,8.7833,206946.98,8.76,205563.165,8.77,215650.244,8.9137,283385.14,8.948,290870.339,8.95,305770.9527,9.03,421427.5405
106,20190328,601838.SH,8.7,8.74,8.63,8.66,8.74,-0.08,-0.9153,136742.63,118597.349,0.7326,0.56,8.7,134793.105,8.6967,156999.31,8.725,181749.1225,8.788,200899.162,8.9262,274064.3662,8.945,280480.728,8.9393,337241.9513,9.034,429624.1105
107,20190327,601838.SH,8.73,8.8,8.68,8.74,8.69,0.05,0.5754,132843.58,116018.627,0.7117,0.4,8.715,167127.65,8.7467,196751.2867,8.82,216938.295,8.89,246087.782,8.9837,302588.2537,8.965,292268.606,8.9993,392822.9053,9.0445,444759.076
108,20190326,601838.SH,8.85,8.86,8.65,8.69,8.81,-0.12,-1.3621,201411.72,176160.597,1.0791,0.58,8.75,228705.14,8.8467,244969.8667,8.9275,274398.8325,8.992,329248.036,9.0062,316902.6337,8.985,314403.772,9.0433,424003.2487,9.0595,487008.3165
109,20190325,601838.SH,8.86,8.92,8.8,8.81,9.04,-0.23,-2.5442,255998.56,226903.275,1.3716,0.7,8.925,266748.94,9.0067,298727.87,9.0675,361207.115,9.064,344303.4,9.0275,323553.845,9.017,340964.743,9.084,439618.628,9.059,512171.394
110,20190322,601838.SH,9.17,9.18,8.99,9.04,9.17,-0.13,-1.4177,277499.32,251250.328,1.4868,0.77,9.105,320092.525,9.1533,396276.6333,9.1275,366379.61,9.126,366090.434,9.0437,335828.43,9.04,350831.307,9.1167,490019.9727,9.0695,548202.1315
111,20190321,601838.SH,9.22,9.29,9.12,9.17,9.25,-0.08,-0.8649,362685.73,333685.871,1.9432,1.07,9.21,455665.29,9.1567,396006.3733,9.1475,388238.2125,9.102,360062.294,9.04,359518.6938,9.015,405413.346,9.116,505865.76,9.0275,556585.634
112,20190320,601838.SH,9.04,9.27,9.01,9.25,9.05,0.2,2.2099,548644.85,501882.472,2.9395,1.83,9.15,412666.695,9.14,396755.7067,9.085,359406.435,9.04,338449.43,9.0237,358516.0025,9.054,466190.467,9.096,510982.8407,8.968,549352.516
113,20190319,601838.SH,9.13,9.15,9.01,9.05,9.12,-0.07,-0.7675,276688.54,251223.469,1.4824,0.82,9.085,320811.135,9.03,296326.9633,8.9875,285900.575,8.978,299559.508,8.9662,392850.36,9.069,471380.855,9.082,539595.0767,8.908,530252.292
114,20190318,601838.SH,8.94,9.13,8.85,9.12,8.92,0.2,2.2422,364933.73,329595.214,1.9552,1.09,9.02,306146.175,8.9667,288971.2533,8.96,305277.25,8.97,337626.086,9.03,479571.41,9.094,487276.242,9.0573,568127.392,8.861,532025.8965
115,20190315,601838.SH,8.93,8.99,8.86,8.92,8.86,0.06,0.6772,247358.62,220819.612,1.3253,0.55,8.89,250990.015,8.9067,285391.7567,8.9325,330799.175,8.954,335572.18,9.065,509023.285,9.112,551984.742,9.0507,608906.0307,8.8095,529266.186
116,20190314,601838.SH,8.89,9.06,8.8,8.86,8.94,-0.08,-0.8949,254621.41,226583.284,1.3642,0.43,8.9,304408.325,8.9367,358612.6933,8.9625,357625.57,8.928,450764.398,9.1125,532558.7587,9.123,578767.493,9.0027,622093.414,8.76,524438.537
117,20190313,601838.SH,8.98,9.08,8.83,8.94,9.01,-0.07,-0.7769,354195.24,316650.593,1.8977,0.55,8.975,410608.335,8.9967,391960.29,8.945,499800.145,9.068,593931.504,9.1675,627233.4237,9.124,597249.546,8.944,619653.5447,8.716,521672.59
118,20190312,601838.SH,9.05,9.2,8.87,9.01,9.04,-0.03,-0.3319,467021.43,423715.275,2.5022,0.73,9.025,410842.815,8.9467,548335.1133,9.1,653865.57,9.16,643202.202,9.1787,647357.285,9.134,659612.861,8.8847,607149.8867,8.6705,517226.9395
119,20190311,601838.SH,8.86,9.04,8.81,9.04,8.79,0.25,2.8441,354664.2,316244.728,1.9002,0.46,8.915,588991.955,9.13,716146.95,9.1975,687247.395,9.218,636926.398,9.1612,643909.8487,9.101,683378.045,8.8247,596825.8333,8.616,502512.039
120,20190308,601838.SH,9.28,9.29,8.78,8.79,9.56,-0.77,-8.0544,823319.71,747001.98,4.4111,1.16,9.175,896888.325,9.25,798108.46,9.2625,707491.9475,9.27,768397.304,9.1612,721805.3725,9.099,745572.956,8.7613,593830.8547,8.557,494224.8105
121,20190307,601838.SH,9.35,9.89,9.25,9.56,9.4,0.16,1.7021,970456.94,931028.754,5.1994,1.62,9.48,785502.835,9.42,668882.6933,9.39,754666.7025,9.318,706770.588,9.1475,706974.5675,9.04,707757.922,8.704,548996.5833,8.507,460464.568
122,20190306,601838.SH,9.23,9.48,9.19,9.4,9.3,0.1,1.0753,600548.73,561000.263,3.2176,0.89,9.35,518095.57,9.3333,682736.6233,9.2575,640849.0,9.18,600567.588,9.08,707744.1137,8.882,632514.565,8.5987,497586.2853,8.4135,425270.53
123,20190305,601838.SH,9.19,9.35,9.13,9.3,9.3,0.0,0.0,435642.41,401367.781,2.334,0.6,9.3,723830.57,9.21,654282.4233,9.125,600572.3025,9.108,676023.52,8.93,688321.6937,8.747,589123.729,8.5073,475235.1853,8.3375,398770.413
124,20190304,601838.SH,9.09,9.75,9.07,9.3,9.03,0.27,2.99,1012018.73,943363.895,5.4221,1.4,9.165,763602.43,9.0667,655548.9333,9.06,736118.7975,8.984,729829.692,8.765,661119.3137,8.628,576775.551,8.4153,457707.2527,8.265,382481.677
125,20190301,601838.SH,8.9,9.07,8.71,9.03,8.87,0.16,1.8038,515186.13,457074.041,2.7602,0.73,8.95,477314.035,8.98,644152.1533,8.905,659282.4325,8.928,722748.608,8.6087,555447.0187,8.507,506547.63,8.3193,402833.9793,8.1955,337966.045
126,20190228,601838.SH,8.97,9.07,8.79,8.87,9.04,-0.17,-1.8805,439441.94,391595.521,2.3544,0.66,8.955,708635.165,8.8633,707314.5333,8.9025,774639.2275,8.762,708745.256,8.4937,530068.8312,8.397,470109.581,8.2367,378362.5613,8.1445,318189.445
127,20190227,601838.SH,8.63,9.44,8.61,9.04,8.68,0.36,4.1475,977828.39,882784.241,5.2389,1.95,8.86,841250.83,8.9133,886371.6567,8.735,776071.085,8.584,664461.542,8.3962,513856.0287,8.308,446095.634,8.158,366838.1773,8.103,300451.0205
128,20190226,601838.SH,9.04,9.04,8.68,8.68,9.02,-0.34,-3.7694,704673.27,621223.7,3.7754,1.66,8.85,840643.29,8.6333,708818.65,8.47,586119.83,8.386,502223.938,8.2575,410478.185,8.207,374841.018,8.0807,306352.7107,8.049,254205.584
129,20190225,601838.SH,8.37,9.02,8.22,9.02,8.2,0.82,10.0,976613.31,840454.28,5.2324,3.36,8.61,710891.34,8.4,546602.0167,8.3125,451611.605,8.272,423721.41,8.17,347306.835,8.131,321646.033,8.0253,266699.0053,8.014,221683.2635
130,20190222,601838.SH,7.97,8.26,7.9,8.2,7.98,0.22,2.7569,445169.37,360163.861,2.3851,1.92,8.09,331596.37,8.0767,276611.0367,8.085,285498.435,8.086,290346.652,8.0462,258390.45,8.015,242876.665,7.9513,209705.1907,7.9655,176200.061
131,20190221,601838.SH,8.05,8.1,7.96,7.98,8.05,-0.07,-0.8696,218023.37,175361.858,1.1681,0.96,8.015,192331.87,8.0467,232274.79,8.0575,251640.9725,8.032,231473.906,8.0112,224334.7062,7.974,213171.214,7.9387,188004.1747,7.9595,159305.5475
132,20190220,601838.SH,8.1,8.11,8.03,8.05,8.11,-0.06,-0.7398,166640.37,134259.444,0.8928,0.67,8.08,239400.5,8.0833,262846.84,8.045,234836.54,8.032,227729.726,7.9962,220696.7387,7.945,218026.495,7.9427,179114.18,7.96,151874.246
133,20190219,601838.SH,8.08,8.25,8.05,8.11,8.09,0.02,0.2472,312160.63,253606.092,1.6725,1.42,8.1,310950.075,8.0433,257568.5967,8.0275,243002.065,8.028,247458.098,7.9637,218381.05,7.928,208417.097,7.9367,171532.7993,7.9575,146361.027
134,20190218,601838.SH,7.95,8.14,7.95,8.09,7.93,0.16,2.0177,309739.52,248889.886,1.6595,1.59,8.01,230272.58,8.0,219949.21,8.0075,231282.465,7.99,219570.656,7.9112,212682.9937,7.902,188187.803,7.928,154337.2147,7.954,134670.5655
135,20190215,601838.SH,7.97,7.99,7.92,7.93,7.98,-0.05,-0.6266,150805.64,120022.384,0.808,0.77,7.955,175054.055,7.98,205130.1133,7.965,197028.44,7.944,195406.678,7.885,182783.8525,7.884,169384.46,7.9253,138151.1973,7.948,122393.813
136,20190214,601838.SH,8.0,8.05,7.95,7.98,8.03,-0.05,-0.6227,199302.47,159233.545,1.0678,0.96,8.005,232292.35,7.9767,212436.04,7.9475,206556.9375,7.916,194868.522,7.875,177666.6087,7.892,166269.309,7.9353,135249.428,7.9535,118105.5275
137,20190213,601838.SH,7.93,8.05,7.85,8.03,7.92,0.11,1.3889,265282.23,211230.364,1.4213,1.57,7.975,219002.825,7.9367,208975.0933,7.9,193760.035,7.858,208323.264,7.8662,167967.0612,7.898,154806.407,7.936,126589.086,7.9555,113448.523
138,20190212,601838.SH,7.88,7.93,7.84,7.92,7.86,0.06,0.7634,172723.42,136137.199,0.9254,1.1,7.89,180821.525,7.8567,169919.3033,7.815,194083.5225,7.828,169376.096,7.8637,149763.5487,7.891,133570.15,7.934,112662.0033,7.962,107131.499
139,20190211,601838.SH,7.77,7.88,7.73,7.86,7.79,0.07,0.8986,188919.63,147052.601,1.0122,1.32,7.825,168517.245,7.78,201203.5567,7.805,168539.265,7.814,156804.95,7.8787,138757.3025,7.897,121720.494,7.942,106370.5353,7.9715,103056.916
140,20190201,601838.SH,7.68,7.8,7.68,7.79,7.69,0.1,1.3004,148114.86,114606.595,0.7936,1.08,7.74,207345.52,7.7867,161745.81,7.8025,148776.28,7.824,143362.242,7.8912,121757.3062,7.916,109523.457,7.9493,98056.1913,7.9895,100899.193
141,20190131,601838.SH,7.43,7.8,7.43,7.69,7.88,-0.19,-2.4112,266576.18,205510.284,1.4282,2.63,7.785,168561.285,7.8067,148996.7533,7.8325,142174.0875,7.868,137670.096,7.915,110021.3062,7.945,105439.881,7.966,92517.8627,8.0115,102577.881
142,20190130,601838.SH,7.81,7.97,7.79,7.88,7.85,0.03,0.3822,70546.39,55737.078,1.953,0.72,7.865,90207.04,7.88,100706.7233,7.9125,105443.575,7.938,101289.55,7.96,85067.9412,7.975,85721.997,7.988,81823.6093,8.0255,92487.3715
143,20190129,601838.SH,7.89,7.91,7.66,7.85,7.91,-0.06,-0.7585,109867.69,85927.914,3.0415,1.27,7.88,115786.89,7.9233,117075.97,7.9525,108975.34,7.954,97764.204,7.985,89659.53,7.987,84304.957,8.0067,86383.3,8.028,92751.309
144,20190128,601838.SH,8.01,8.07,7.88,7.91,8.01,-0.1,-1.2484,121706.09,97065.573,3.3693,1.61,7.96,120680.11,7.9867,108677.89,7.98,94738.3325,7.98,86636.038,8.0025,84600.7362,8.006,81153.328,8.024,85140.9047,8.038,89820.385
145,20190125,601838.SH,8.0,8.11,8.0,8.01,8.04,-0.03,-0.3731,119654.13,96409.605,3.3125,1.63,8.025,102163.79,8.0033,85749.08,7.9975,77868.525,8.008,75684.672,8.0137,76434.4737,8.012,75403.166,8.0447,86744.8433,8.043,86952.018
146,20190124,601838.SH,7.95,8.06,7.94,8.04,7.96,0.08,1.005,84673.45,67775.682,2.3441,1.21,8.0,68796.555,7.9933,63939.99,8.0075,64692.3075,8.022,73209.666,8.0175,71271.6325,8.015,69941.746,8.0593,90880.476,8.046,83160.686
147,20190123,601838.SH,8.01,8.03,7.96,7.96,7.98,-0.02,-0.2506,52919.66,42324.939,1.465,0.75,7.97,53573.26,7.9967,58031.9267,8.0175,70343.72,8.012,70154.444,8.0087,68713.01,8.013,72090.639,8.0547,89553.312,8.05,83071.4635
148,20190122,601838.SH,8.05,8.05,7.95,7.98,8.05,-0.07,-0.8696,54226.86,43366.612,1.5012,0.72,8.015,60588.06,8.0367,76151.74,8.025,74463.14,8.02,70845.71,8.0187,70228.0437,8.033,80692.848,8.0527,91080.344,8.0615,82912.204
149,20190121,601838.SH,8.07,8.1,8.03,8.05,8.08,-0.03,-0.3713,66949.26,53976.936,1.8534,0.89,8.065,87114.18,8.04,81208.5667,8.03,75000.4225,8.032,75670.618,8.0237,76719.9837,8.046,84393.338,8.0573,90881.834,8.0705,82598.8135
150,20190118,601838.SH,7.99,8.1,7.97,8.08,7.99,0.09,1.1264,107279.1,86425.834,2.9699,1.61,8.035,88338.22,8.0233,77684.1433,8.0275,77850.9575,8.016,75121.66,8.0375,85719.045,8.063,92274.929,8.0547,90707.8,8.077,83231.152
151,20190117,601838.SH,8.0,8.05,7.96,7.99,8.0,-0.01,-0.125,69397.34,55585.973,1.9212,0.94,7.995,62886.665,8.01,68041.5767,8.0,67082.3,8.008,66673.826,8.0412,83713.1275,8.078,99715.881,8.054,86477.6927,8.085,80009.9815
152,20190116,601838.SH,8.0,8.04,7.98,8.0,8.04,-0.04,-0.4975,56375.99,45107.968,1.5607,0.62,8.02,67363.695,8.0033,66310.62,8.0125,65992.9475,8.014,74026.834,8.07,93259.1062,8.076,99252.746,8.0627,87377.1367,8.0995,79161.9605
153,20190115,601838.SH,7.95,8.08,7.95,8.04,7.97,0.07,0.8783,78351.4,62882.696,2.169,0.84,8.005,71277.935,8.0167,69198.6,8.0175,78439.545,8.046,90539.986,8.0987,108923.185,8.069,101197.661,8.0753,86934.3687,8.1155,79288.047
154,20190114,601838.SH,8.02,8.03,7.95,7.97,8.04,-0.07,-0.8706,64204.47,51227.592,1.7774,0.59,8.005,64622.2,8.01,78468.9267,8.0475,93587.1325,8.06,93116.058,8.09,107225.0087,8.07,98487.442,8.0833,84908.212,8.1275,79905.1475
155,20190111,601838.SH,8.02,8.08,8.01,8.04,8.02,0.02,0.2494,65039.93,52289.771,1.8005,0.49,8.03,85601.155,8.0733,103381.3533,8.0825,100343.955,8.11,109428.198,8.085,108677.5925,8.074,98500.87,8.0973,85934.316,8.151,81810.877
156,20190110,601838.SH,8.13,8.15,8.02,8.02,8.16,-0.14,-1.7157,106162.38,85594.095,2.939,0.85,8.09,122552.065,8.0967,112111.9633,8.1275,120525.265,8.148,132757.936,8.0862,106953.7525,8.077,96379.626,8.1107,84455.3667,8.166,81282.2805
157,20190109,601838.SH,8.12,8.25,8.11,8.16,8.11,0.05,0.6165,138941.75,113750.635,3.8464,1.24,8.135,115086.755,8.1633,125312.8933,8.18,139406.825,8.138,124478.658,8.085,101725.7987,8.087,94052.288,8.128,80873.6693,8.183,78726.47
158,20190108,601838.SH,8.17,8.18,8.09,8.11,8.22,-0.11,-1.3382,91231.76,74067.31,2.5256,0.88,8.165,118498.465,8.1867,139561.85,8.1325,120862.885,8.092,111855.336,8.0737,89836.5162,8.09,85131.56,8.1387,75537.4007,8.19,74948.197
159,20190107,601838.SH,8.24,8.27,8.12,8.22,8.23,-0.01,-0.1215,145765.17,119170.331,4.0353,1.66,8.225,163726.895,8.14,130739.9267,8.0875,117011.23,8.08,103858.826,8.075,88793.6712,8.095,80804.289,8.15,75501.5107,8.2055,72972.665
160,20190104,601838.SH,7.92,8.34,7.86,8.23,7.97,0.26,3.2622,181688.62,148237.662,5.0298,3.03,8.1,123227.305,8.0433,107426.5833,8.045,93382.24,8.038,87573.542,8.0712,76789.8337,8.091,74187.375,8.1647,72605.1033,8.217,71317.564
161,20190103,601838.SH,7.94,8.09,7.93,7.97,7.93,0.04,0.5044,64765.99,51888.328,1.793,1.02,7.95,70295.565,7.9833,63946.78,7.99,64044.7725,8.006,60001.316,8.0625,60073.6375,8.092,60304.082,8.172,64123.7287,8.227,67526.6905
162,20190102,601838.SH,8.05,8.08,7.91,7.93,8.05,-0.12,-1.4907,75825.14,60458.076,2.0991,1.3,7.99,63537.175,7.9967,63804.3667,8.015,58810.1475,8.036,63625.918,8.0887,61927.3925,8.123,59071.175,8.198,63475.7407,8.255,70556.188
163,20181228,601838.SH,8.01,8.12,8.01,8.05,8.01,0.04,0.4994,51249.21,41328.788,1.4188,0.89,8.03,57793.98,8.0433,53138.4833,8.0625,60576.1125,8.088,58407.784,8.1275,57806.2112,8.162,57378.433,8.2227,62645.8173,8.285,75209.9805
164,20181227,601838.SH,8.2,8.21,8.0,8.01,8.07,-0.06,-0.7435,64338.75,52240.289,1.7811,1.06,8.04,54083.12,8.0667,63685.08,8.0975,60197.4275,8.11,57749.752,8.1562,57954.675,8.185,61322.853,8.2473,62677.278,8.3005,78617.0285
165,20181226,601838.SH,8.07,8.12,8.05,8.07,8.12,-0.05,-0.6158,43827.49,35412.772,1.2133,0.72,8.095,63358.245,8.1267,58816.9867,8.135,56102.5025,8.144,60801.208,8.195,57274.5462,8.228,65120.884,8.2767,65898.9047,8.32,82010.0315
166,20181225,601838.SH,8.12,8.16,7.98,8.12,8.19,-0.07,-0.8547,82889.0,66882.742,2.2947,1.52,8.155,66311.735,8.1567,60194.1733,8.1625,65044.6375,8.178,60606.848,8.2212,63132.7862,8.255,66184.935,8.3007,70035.1487,8.3465,84983.0825
167,20181224,601838.SH,8.16,8.21,8.11,8.19,8.16,0.03,0.3676,49734.47,40590.864,1.3768,0.88,8.175,48846.76,8.1767,59096.5167,8.1925,55036.31,8.21,54516.432,8.2612,65561.5437,8.279,63400.652,8.328,72866.278,8.3665,86728.3105
168,20181221,601838.SH,8.16,8.17,8.11,8.16,8.18,-0.02,-0.2445,47959.05,39025.791,1.3277,0.74,8.17,63777.54,8.1933,56803.59,8.215,55711.9225,8.236,56349.082,8.28,66153.235,8.29,64764.834,8.3507,80810.7127,8.385,89109.611
169,20181220,601838.SH,8.23,8.26,8.11,8.18,8.24,-0.06,-0.7282,79596.03,64920.358,2.2035,1.15,8.21,61225.86,8.2333,58296.2133,8.255,58446.59,8.26,64895.954,8.305,67039.125,8.316,65141.041,8.364,85572.7873,8.4025,95303.675
170,20181219,601838.SH,8.3,8.31,8.22,8.24,8.28,-0.04,-0.4831,42855.69,35404.534,1.1864,0.6,8.26,47646.305,8.28,51396.7767,8.28,61220.935,8.312,69440.56,8.32,65011.6575,8.343,68447.753,8.3787,89079.6393,8.4295,97084.3025
171,20181218,601838.SH,8.26,8.33,8.23,8.28,8.32,-0.04,-0.4808,52436.92,43423.495,1.4516,0.73,8.3,55667.32,8.2933,67342.6833,8.33,76086.7775,8.332,71763.022,8.3425,66119.8362,8.362,74749.299,8.4027,93108.494,8.4565,101921.619
172,20181217,601838.SH,8.28,8.34,8.22,8.32,8.28,0.04,0.4831,58897.72,48794.581,1.6305,0.8,8.3,74795.565,8.3467,83970.0633,8.345,76594.5475,8.348,72284.872,8.3637,73648.115,8.387,82041.201,8.4187,97465.6033,8.482,111574.8
173,20181214,601838.SH,8.41,8.43,8.27,8.28,8.44,-0.16,-1.8957,90693.41,75605.771,2.5107,1.39,8.36,96506.235,8.3533,82493.49,8.355,75631.66,8.344,73180.586,8.3775,79519.7937,8.408,93041.528,8.4347,100029.7873,8.521,130547.145
174,20181213,601838.SH,8.35,8.5,8.32,8.44,8.34,0.1,1.199,102319.06,86303.03,2.8326,1.52,8.39,78393.53,8.38,70611.0767,8.36,68802.38,8.372,65386.128,8.4087,83852.61,8.416,95911.204,8.45,105439.582,8.548,140027.8615
175,20181212,601838.SH,8.38,8.42,8.34,8.34,8.36,-0.02,-0.2392,54468.0,45626.027,1.5079,0.7,8.35,54757.085,8.3333,57630.1533,8.355,56152.895,8.374,67454.946,8.42,92175.3512,8.412,98899.179,8.4687,106298.8833,8.5635,144494.533
176,20181211,601838.SH,8.3,8.48,8.3,8.36,8.3,0.06,0.7229,55046.17,46052.86,1.5239,0.6,8.33,59211.23,8.36,56714.5267,8.3825,70701.6825,8.392,77735.576,8.4225,100290.6225,8.438,103781.23,8.498,111974.4847,8.5765,149641.5925
177,20181210,601838.SH,8.33,8.38,8.29,8.3,8.42,-0.12,-1.4252,63376.29,52762.778,1.7545,0.56,8.36,57548.705,8.39,75920.1867,8.4,83407.9275,8.426,91797.53,8.4275,109934.7025,8.454,110055.969,8.5267,124671.4427,8.592,156825.172
178,20181207,601838.SH,8.44,8.48,8.41,8.42,8.45,-0.03,-0.355,51721.12,43637.75,1.4318,0.41,8.435,82192.135,8.4333,90085.14,8.4575,98902.84,8.472,112902.47,8.465,114923.73,8.48,113454.388,8.58,149669.3313,8.6045,160547.8
179,20181206,601838.SH,8.39,8.52,8.35,8.45,8.43,0.02,0.2372,112663.15,95010.792,3.1189,0.86,8.44,109267.15,8.47,114630.08,8.485,128197.8075,8.46,126436.28,8.4775,123182.785,8.489,125466.309,8.6067,164908.4393,8.6065,165373.972
180,20181205,601838.SH,8.4,8.47,8.36,8.43,8.53,-0.1,-1.1723,105871.15,89082.191,2.9309,0.82,8.48,115613.545,8.4967,133376.0267,8.4625,129879.5625,8.45,130343.412,8.4912,121269.9512,8.516,125720.852,8.6267,170174.3953,8.617,166061.9165
181,20181204,601838.SH,8.51,8.54,8.43,8.53,8.53,0.0,0.0,125355.94,106439.834,3.4703,0.98,8.53,147128.465,8.4733,137882.3667,8.455,136461.4775,8.484,129826.884,8.5012,129516.0987,8.551,129093.939,8.638,173610.2647,8.6275,168401.1875
182,20181203,601838.SH,8.49,8.6,8.47,8.53,8.36,0.17,2.0335,168900.99,144106.106,4.6758,1.48,8.445,144145.58,8.43,140163.3233,8.4725,130944.62,8.482,128314.408,8.525,128247.6787,8.577,141108.399,8.6473,178501.0527,8.6395,170127.619
183,20181130,601838.SH,8.4,8.46,8.29,8.36,8.4,-0.04,-0.4762,119390.17,99926.727,3.3051,0.96,8.38,125794.49,8.4533,118292.4967,8.47,118167.7625,8.488,114006.306,8.5562,124585.3075,8.634,168052.762,8.6487,176429.5767,8.659,172388.9345
184,20181129,601838.SH,8.63,8.66,8.4,8.4,8.6,-0.2,-2.3256,132198.81,112678.223,3.6597,1.09,8.5,117743.66,8.5067,117760.2933,8.52,112660.34,8.518,124496.338,8.61,140349.1037,8.68,184144.519,8.6553,178353.2027,8.6895,183053.939
185,20181128,601838.SH,8.52,8.62,8.47,8.6,8.52,0.08,0.939,103288.51,88442.193,2.8594,0.8,8.56,110541.035,8.56,106147.5167,8.5475,122570.72,8.582,121098.292,8.6975,178617.33,8.715,190089.887,8.6727,177968.0847,8.705,188823.9925
186,20181127,601838.SH,8.59,8.65,8.45,8.52,8.56,-0.04,-0.4673,117793.56,100748.057,3.2609,0.77,8.54,107577.02,8.53,128998.1233,8.5775,125550.7375,8.618,128360.994,8.725,200744.7337,8.715,195501.955,8.6753,181259.2887,8.7125,199503.17
187,20181126,601838.SH,8.49,8.66,8.49,8.56,8.51,0.05,0.5875,97360.48,83604.035,2.6953,0.44,8.535,134600.405,8.5967,128136.4633,8.6425,131002.8525,8.672,153902.39,8.7537,209977.1,8.73,203594.375,8.692,184065.356,8.719,206408.0375
188,20181123,601838.SH,8.73,8.78,8.47,8.51,8.72,-0.21,-2.4083,171840.33,148312.789,4.7572,0.7,8.615,143524.455,8.67,142216.9767,8.7,168037.8675,8.78,222099.218,8.7587,217483.1887,8.729,207641.212,8.716,191849.8107,8.7135,208883.7585
189,20181122,601838.SH,8.78,8.83,8.7,8.72,8.78,-0.06,-0.6834,115208.58,100732.801,3.1894,0.44,8.75,127405.3,8.7633,166770.38,8.8475,234663.94,8.842,243792.7,8.7787,220842.8675,8.724,205281.635,8.7467,202573.1393,8.721,211599.4705
190,20181121,601838.SH,8.7,8.84,8.63,8.78,8.79,-0.01,-0.1138,139602.02,122319.276,3.8647,0.53,8.785,192551.28,8.89,274482.3933,8.8725,275938.73,8.848,259081.482,8.7575,223670.4012,8.718,206402.981,8.746,211399.226,8.726,222685.119
191,20181120,601838.SH,8.97,9.02,8.78,8.79,9.1,-0.31,-3.4066,245500.54,218372.471,6.7963,0.97,8.945,341922.58,8.9033,321384.3,8.865,288951.3475,8.812,262642.916,8.7175,224750.7187,8.704,207708.436,8.744,223217.2287,8.7195,237760.606
192,20181119,601838.SH,8.82,9.15,8.78,9.1,8.82,0.28,3.1746,438344.62,395044.609,12.1349,2.27,8.96,359326.18,8.89,303434.95,8.8175,266928.51,8.788,253286.36,8.7012,209865.9062,8.702,199146.839,8.7347,223909.92,8.6975,235791.9975
193,20181116,601838.SH,8.77,8.97,8.66,8.82,8.75,0.07,0.8,280307.74,246973.344,7.7599,1.68,8.785,235980.115,8.7233,209789.8067,8.71,207021.795,8.678,193183.206,8.6437,174154.9,8.684,176725.107,8.6913,204478.6053,8.6735,231479.319
194,20181115,601838.SH,8.56,8.75,8.54,8.75,8.6,0.15,1.7442,191652.49,166554.201,5.3056,1.25,8.675,174530.84,8.6733,182593.1467,8.6425,171402.0725,8.606,166770.57,8.6375,159102.0037,8.699,181963.359,8.6807,200868.394,8.642,225856.1385
195,20181114,601838.SH,8.61,8.75,8.55,8.6,8.67,-0.07,-0.8074,157409.19,135860.368,4.3576,1.03,8.635,178063.475,8.6067,164651.9333,8.57,160550.09,8.588,153724.48,8.6587,161911.355,8.695,187558.098,8.6853,210552.998,8.606,221023.195
196,20181113,601838.SH,8.44,8.7,8.41,8.67,8.55,0.12,1.4035,198717.76,170389.381,5.5012,1.37,8.61,168273.305,8.56,161597.0567,8.585,152803.3025,8.596,152773.956,8.705,183821.4887,8.71,203504.385,8.6887,229466.5027,8.583,219211.798
197,20181112,601838.SH,8.43,8.56,8.41,8.55,8.46,0.09,1.0638,137828.85,117032.628,3.8156,0.86,8.505,143036.705,8.5567,137498.4833,8.5775,141288.005,8.616,145007.318,8.71,189931.7537,8.708,209221.7,8.6673,229960.5433,8.5535,216504.7175
198,20181109,601838.SH,8.6,8.6,8.45,8.46,8.66,-0.2,-2.3095,148244.56,125985.225,4.1039,0.75,8.56,137333.3,8.5867,142441.0567,8.6325,146801.935,8.69,160267.008,8.735,212312.155,8.698,210126.305,8.672,244244.69,8.537,216665.0875
199,20181108,601838.SH,8.73,8.77,8.62,8.66,8.64,0.02,0.2315,126422.04,109966.247,3.4998,0.57,8.65,139539.305,8.69,146321.06,8.7475,163272.62,8.792,197156.148,8.7587,225767.9487,8.718,217917.306,8.654,245551.328,8.5375,219114.424
200,20181107,601838.SH,8.8,8.83,8.62,8.64,8.77,-0.13,-1.4823,152656.57,133150.626,4.2261,0.6,8.705,156270.57,8.7767,175556.1467,8.825,214839.675,8.802,221391.716,8.7325,228324.5562,8.734,238967.257,8.612,243456.1,8.5205,228657.822
201,20181106,601838.SH,8.87,8.91,8.68,8.77,8.92,-0.15,-1.6816,159884.57,140077.368,4.4262,0.58,8.845,187005.935,8.8867,235567.3767,8.8425,238575.5025,8.824,254234.814,8.735,237511.8062,8.735,267812.776,8.5787,241357.7453,8.541,226844.0815
202,20181105,601838.SH,8.9,8.98,8.81,8.92,8.97,-0.05,-0.5574,214127.3,190485.33,5.9278,0.82,8.945,273408.78,8.8667,264805.8133,8.8375,277822.375,8.8,273436.082,8.7412,259641.4287,8.693,272437.156,8.5327,240337.184,8.554,225947.306
203,20181102,601838.SH,8.84,9.1,8.73,8.97,8.71,0.26,2.9851,332690.26,296271.592,9.2101,1.39,8.84,290145.07,8.81,299054.0667,8.77,288263.2775,8.706,259985.602,8.7075,288014.4862,8.663,286233.531,8.486,235464.4473,8.5565,226481.6855
204,20181101,601838.SH,8.67,8.92,8.67,8.71,8.75,-0.04,-0.4571,247599.88,217386.632,6.8544,0.97,8.73,282235.97,8.7033,273454.2833,8.64,241809.4375,8.644,238678.464,8.63,272194.25,8.585,269748.918,8.4527,226433.8493,8.5695,224516.589
205,20181031,601838.SH,8.67,8.95,8.57,8.75,8.65,0.1,1.1561,316872.06,278019.893,8.7721,1.13,8.7,286381.485,8.6167,239879.29,8.6275,236448.11,8.666,256542.798,8.6187,285255.6462,8.517,254488.292,8.4267,231079.8573,8.5855,223956.7255
206,20181030,601838.SH,8.4,8.78,8.4,8.65,8.45,0.2,2.3669,255890.91,220933.305,7.084,0.94,8.55,201382.905,8.5867,209640.1267,8.645,241460.4825,8.646,281390.738,8.5487,266627.155,8.456,234919.211,8.4467,217713.8373,8.6075,223339.4595
207,20181029,601838.SH,8.64,8.72,8.4,8.45,8.66,-0.21,-2.4249,146874.9,125032.85,4.066,0.47,8.555,186514.735,8.6433,236650.34,8.645,287765.695,8.586,271438.23,8.4712,246514.9937,8.399,223787.735,8.472,210117.714,8.6345,225302.399
208,20181026,601838.SH,8.78,8.86,8.58,8.66,8.82,-0.16,-1.8141,226154.57,196839.872,6.2608,0.75,8.74,281538.06,8.71,334729.2933,8.62,302579.0625,8.62,312481.46,8.4325,243303.2875,8.376,223203.87,8.5067,215313.7133,8.686,246077.8315
209,20181025,601838.SH,8.33,8.91,8.24,8.82,8.65,0.17,1.9653,336921.55,289000.397,9.3272,1.33,8.735,389016.655,8.6067,328053.8933,8.61,334063.1825,8.526,300819.372,8.36,233105.985,8.357,220311.542,8.5447,219795.964,8.7015,244804.3235
210,20181024,601838.SH,8.29,9.16,8.28,8.65,8.35,0.3,3.5928,441111.76,386045.215,12.2115,2.34,8.5,323620.065,8.54,333110.3933,8.4525,291793.8275,8.368,252433.786,8.285,208620.3225,8.307,218348.387,8.5587,213094.7013,8.711,240860.093
211,20181023,601838.SH,8.6,8.6,8.32,8.35,8.62,-0.27,-3.1323,206128.37,174004.725,5.7064,1.17,8.485,279109.71,8.3867,242021.1833,8.2975,205264.2925,8.266,188447.684,8.2625,178135.2637,8.347,185875.387,8.5947,203989.0333,8.726,228504.7515
212,20181022,601838.SH,8.22,8.81,8.2,8.62,8.19,0.43,5.2503,352091.05,301172.805,9.7471,2.63,8.405,259967.59,8.28,204976.2667,8.245,184027.5125,8.212,176137.24,8.2587,192030.4675,8.415,179457.456,8.6507,209923.7887,8.746,224585.9815
213,20181019,601838.SH,7.95,8.22,7.92,8.19,8.03,0.16,1.9925,167844.13,136034.813,4.6465,1.2,8.11,131418.875,8.12,128006.3333,8.11,132148.7875,8.132,133926.28,8.3125,162566.8062,8.45,166729.84,8.708,223943.2887,8.7595,214397.632
214,20181018,601838.SH,8.11,8.11,8.0,8.03,8.14,-0.11,-1.3514,94993.62,76413.861,2.6298,0.52,8.085,108087.435,8.0833,120250.34,8.1175,125446.8175,8.188,139803.712,8.4175,159329.9225,8.554,179284.26,8.76,226132.6407,8.803,216651.12
215,20181017,601838.SH,8.21,8.25,8.0,8.14,8.08,0.06,0.7426,121181.25,98456.862,3.3547,0.66,8.11,132878.7,8.1467,135597.8833,8.2275,151006.235,8.246,184262.988,8.535,175557.5812,8.654,193425.159,8.8253,237002.1953,8.851,223554.0845
216,20181016,601838.SH,8.21,8.37,8.05,8.08,8.22,-0.14,-1.7032,144576.15,118539.495,4.0024,0.79,8.15,142806.2,8.2567,160947.8967,8.2725,200033.4225,8.428,183303.09,8.6712,197083.4662,8.759,211759.708,8.8793,241857.1073,8.8885,229343.649
217,20181015,601838.SH,8.45,8.45,8.2,8.22,8.47,-0.25,-2.9516,141036.25,117137.543,3.9044,0.71,8.345,169133.77,8.3367,218519.18,8.515,192984.825,8.618,182777.672,8.79,208561.7737,8.87,226817.063,8.924,240735.562,8.9205,228954.9995
218,20181012,601838.SH,8.21,8.48,8.19,8.47,8.32,0.15,1.8029,197231.29,165468.01,5.4601,0.9,8.395,257260.645,8.6133,210301.0167,8.7175,193213.0275,8.768,199533.4,8.9112,228998.085,8.996,268951.793,8.9687,241221.416,8.9485,230472.0905
219,20181011,601838.SH,8.66,8.76,8.15,8.32,9.05,-0.73,-8.0663,317290.0,267758.61,8.7837,1.57,8.685,216835.88,8.8,191873.6067,8.8425,200108.9275,8.92,218764.808,9.0012,241237.8862,9.046,269297.105,9.008,242266.9227,8.9605,227026.6665
220,20181010,601838.SH,9.03,9.12,8.99,9.05,9.03,0.02,0.2215,116381.76,105384.971,3.2219,0.48,9.04,129165.41,9.0167,161048.57,9.07,194133.51,9.062,202587.33,9.1462,271874.58,9.115,263371.799,9.0527,236651.1167,8.979,221121.012
221,20181009,601838.SH,8.99,9.09,8.91,9.03,8.97,0.06,0.6689,141949.06,127737.525,3.9297,0.52,9.0,183381.975,9.0767,220050.76,9.065,224138.7225,9.09,240216.326,9.1362,282412.4112,9.105,271134.116,9.042,244690.502,8.9745,228073.186
222,20181008,601838.SH,9.04,9.19,8.95,8.97,9.23,-0.26,-2.8169,224814.89,203460.062,6.2237,0.66,9.1,259101.61,9.0767,251535.2767,9.105,264783.1425,9.122,270856.454,9.1337,296923.3962,9.077,269714.507,9.0213,244347.442,8.962,230576.0485
223,20180928,601838.SH,9.05,9.31,9.04,9.23,9.03,0.2,2.2148,293388.33,269790.875,8.122,0.92,9.13,264895.47,9.15,278105.8933,9.16,282366.845,9.224,338370.186,9.1312,293072.1512,9.069,262065.424,9.0087,240784.9873,8.9595,231021.324
224,20180927,601838.SH,9.11,9.16,8.97,9.03,9.19,-0.16,-1.741,236402.61,213932.722,6.5445,0.73,9.11,270464.675,9.1367,278693.0167,9.2225,349615.65,9.172,319829.402,9.0712,272367.7312,9.052,254017.98,8.974,229780.6193,8.947,228123.4635
225,20180926,601838.SH,9.21,9.38,9.17,9.19,9.19,0.0,0.0,304526.74,282246.823,8.4304,1.01,9.19,299838.22,9.2867,387353.33,9.2075,340686.1,9.168,324156.268,9.0537,261357.9125,9.048,253683.01,8.9513,227298.906,8.951,227817.425
226,20180925,601838.SH,9.29,9.3,9.16,9.19,9.48,-0.29,-3.0591,295149.7,272030.548,8.1708,1.1,9.335,428766.625,9.2133,352739.22,9.1625,329063.65,9.12,302051.906,9.0375,249906.3062,9.018,246927.59,8.936,224025.4727,8.946,226880.7635
227,20180921,601838.SH,8.97,9.78,8.94,9.48,8.97,0.51,5.6856,562383.55,523818.706,15.5688,3.03,9.225,381533.98,9.1533,340368.3,9.1025,303777.4575,9.032,268572.56,9.0125,242144.2075,8.971,231092.936,8.9087,217149.2467,8.9485,238319.546
228,20180920,601838.SH,9.09,9.15,8.94,8.97,9.01,-0.04,-0.444,200684.41,181328.488,5.5557,1.07,8.99,229360.675,8.9767,217575.4267,8.92,195119.8125,8.914,185760.662,8.9387,201467.8312,8.901,191992.388,8.8713,195238.37,8.9395,252505.511
229,20180919,601838.SH,8.94,9.12,8.88,9.01,8.95,0.06,0.6704,258036.94,232542.829,7.1434,1.41,8.98,226020.935,8.9033,193264.9467,8.9,182029.725,8.932,188206.558,8.9075,193482.675,8.875,184756.228,8.872,197554.8173,8.9255,252428.663
230,20180918,601838.SH,8.7,8.99,8.69,8.95,8.75,0.2,2.2857,194004.93,172451.345,5.3707,1.01,8.85,160878.95,8.8633,156693.9867,8.9125,170748.9625,8.928,183209.752,8.8787,182650.3162,8.843,178870.225,8.8787,195704.4773,8.9025,246431.588
231,20180917,601838.SH,8.81,8.87,8.67,8.75,8.89,-0.14,-1.5748,127752.97,111828.447,3.5367,0.66,8.82,138038.515,8.9,162996.9733,8.9225,180510.9575,8.916,191803.274,8.8487,174440.0512,8.844,185012.256,8.888,201823.716,8.888,248881.203
232,20180914,601838.SH,9.01,9.03,8.88,8.89,9.06,-0.17,-1.8764,148324.06,132536.067,4.1061,0.75,8.975,180618.975,8.98,198096.9533,8.9575,207815.85,8.91,193613.312,8.8412,183368.0437,8.847,191437.59,8.9207,228235.208,8.878,252719.266
233,20180913,601838.SH,9.15,9.17,8.9,9.06,8.99,0.07,0.7786,212913.89,191755.636,5.8942,1.17,9.025,222983.4,8.98,227646.4467,8.915,204935.625,8.888,198224.114,8.85,196755.6912,8.85,199977.224,8.948,274753.794,8.85,254440.474
234,20180912,601838.SH,8.86,9.1,8.83,8.99,8.89,0.1,1.1249,233052.91,209286.706,6.4517,1.34,8.94,235012.725,8.8667,202276.2033,8.845,194551.67,8.818,181305.898,8.815,194142.2437,8.842,202228.947,8.9233,273836.0313,8.8235,256620.996
235,20180911,601838.SH,8.69,8.99,8.69,8.89,8.72,0.17,1.9495,236972.54,209847.46,6.5602,1.33,8.805,186887.85,8.7967,181717.9233,8.775,168369.145,8.758,174530.698,8.8062,194225.68,8.854,201951.84,8.894,267505.5333,8.8,255836.7115
236,20180910,601838.SH,8.76,8.85,8.67,8.72,8.78,-0.06,-0.6834,136803.16,119581.768,3.7872,0.72,8.75,154090.615,8.7367,145501.3467,8.725,158920.2375,8.772,178221.238,8.8175,194033.0025,8.874,206833.937,8.8787,267907.1793,8.7965,251967.5795
237,20180907,601838.SH,8.69,8.9,8.69,8.78,8.71,0.07,0.8037,171378.07,150647.54,4.7444,0.85,8.745,149850.44,8.7267,166292.5967,8.785,188575.7575,8.784,189261.868,8.8662,205717.8375,8.926,245546.156,8.8673,272421.2507,8.802,260763.135
238,20180906,601838.SH,8.64,8.79,8.63,8.71,8.69,0.02,0.2301,128322.81,111816.354,3.5524,0.58,8.7,163749.86,8.7867,194308.32,8.785,193732.8175,8.812,201730.334,8.905,220019.7675,8.978,313018.634,8.8373,273179.2607,8.8175,261726.7515
239,20180905,601838.SH,8.88,8.92,8.68,8.69,8.96,-0.27,-3.0134,199176.91,175249.805,5.5139,0.87,8.825,227301.075,8.81,215536.1533,8.8375,220082.215,8.866,223151.996,8.9712,269470.085,8.976,320101.098,8.8253,281726.0287,8.8385,272108.732
240,20180904,601838.SH,8.75,9.09,8.68,8.96,8.78,0.18,2.0501,255425.24,226838.581,7.0711,1.08,8.87,223715.775,8.8867,227050.65,8.91,229145.7675,8.95,229372.982,9.0475,350335.8275,8.962,313992.951,8.814,282938.716,8.855,278149.4165
241,20180903,601838.SH,8.85,8.89,8.62,8.78,8.92,-0.14,-1.5695,192006.31,168100.17,5.3154,0.64,8.85,212863.355,8.8933,220385.9433,8.9475,222859.9175,8.976,235446.636,9.0137,343301.1037,8.932,312750.15,8.8047,276549.6933,8.8715,291754.4545
242,20180831,601838.SH,8.92,9.15,8.88,8.92,8.98,-0.06,-0.6682,233720.4,210912.255,6.4702,0.55,8.95,234575.76,9.0033,233144.4533,9.025,246306.7175,9.068,301830.444,8.985,336562.245,8.909,314000.942,8.808,284596.8907,8.887,304243.603
243,20180830,601838.SH,9.12,9.16,8.9,8.98,9.11,-0.13,-1.427,235431.12,212012.849,6.5176,0.56,9.045,232856.48,9.06,250502.1567,9.105,318857.955,9.144,424306.934,8.9525,337721.8487,8.85,308903.724,8.8193,281725.5573,8.8905,309351.529
244,20180829,601838.SH,9.13,9.18,9.04,9.11,9.09,0.02,0.22,230281.84,209926.432,6.375,0.58,9.1,258037.675,9.1467,346666.9,9.185,471525.8875,9.086,417050.2,8.8987,333857.2375,8.805,311013.045,8.8293,288427.644,8.9,324036.2165
245,20180828,601838.SH,9.16,9.19,9.05,9.09,9.24,-0.15,-1.6234,285793.51,260331.8,7.9118,0.73,9.165,404859.43,9.21,551940.57,9.08,463742.29,8.974,398612.92,8.8012,327915.535,8.746,309721.583,8.8233,294408.228,8.897,339852.4855
246,20180827,601838.SH,9.13,9.28,9.03,9.24,9.3,-0.06,-0.6452,523925.35,479262.105,14.5041,1.61,9.27,685014.1,9.0767,523058.55,8.945,426817.7725,8.888,390053.664,8.7312,324256.8875,8.719,297101.222,8.8367,310523.7273,8.916,355542.701
247,20180824,601838.SH,8.68,9.56,8.65,9.3,8.69,0.61,7.0196,846102.85,779482.719,23.4231,4.37,8.995,522625.15,8.8467,394448.58,8.8,356585.7425,8.75,326171.44,8.6412,285937.1212,8.678,275980.114,8.8267,305047.9893,8.926,351243.167
248,20180823,601838.SH,8.54,8.77,8.53,8.69,8.55,0.14,1.6374,199147.45,172033.226,5.5131,0.97,8.62,168621.445,8.6333,193413.3733,8.6125,196188.5875,8.556,193500.514,8.5812,200123.0025,8.657,210434.869,8.806,271033.0607,8.9355,340852.6375
249,20180822,601838.SH,8.64,8.65,8.51,8.55,8.66,-0.11,-1.2702,138095.44,118346.068,3.823,0.63,8.605,190546.335,8.5867,195202.3,8.5225,192088.78,8.524,204975.89,8.5987,214318.855,8.701,224116.366,8.838,293031.5553,8.9955,363390.8505
250,20180821,601838.SH,8.58,8.7,8.48,8.66,8.55,0.11,1.2865,242997.23,209847.411,6.727,1.19,8.605,223755.73,8.5133,210086.56,8.5175,221696.0025,8.518,220830.246,8.6662,220888.225,8.748,242305.882,8.8713,320265.674,9.0705,403042.3665
251,20180820,601838.SH,8.36,8.57,8.32,8.55,8.33,0.22,2.6411,204514.23,173173.173,5.6617,0.91,8.44,193631.225,8.47,214595.5933,8.4825,215288.5,8.55,204148.78,8.725,232508.8737,8.811,270758.759,8.9253,344039.0467,9.13,451239.596
252,20180817,601838.SH,8.58,8.63,8.3,8.33,8.53,-0.2,-2.3447,182748.22,154911.408,5.0591,0.8,8.43,219636.275,8.46,218879.9233,8.55,204057.4175,8.606,225788.788,8.7837,246943.42,8.865,294486.264,8.9847,359600.4093,9.19,500913.23
253,20180816,601838.SH,8.38,8.78,8.32,8.53,8.52,0.01,0.1174,256524.33,218694.626,7.1015,1.05,8.525,236945.775,8.6233,211160.4833,8.675,236548.93,8.758,227369.224,8.9037,290040.6425,8.931,309799.334,9.062,389970.012,9.2165,507868.65
254,20180815,601838.SH,8.79,8.82,8.5,8.52,8.82,-0.3,-3.4014,217367.22,187322.086,6.0175,0.82,8.67,188478.56,8.7233,229890.4633,8.815,220080.4475,8.878,243256.842,8.9737,313198.7612,8.995,337059.388,9.1527,416195.8373,9.1925,500113.1875
255,20180814,601838.SH,8.75,8.87,8.7,8.82,8.83,-0.01,-0.1133,159589.9,140220.737,4.418,0.47,8.825,236152.085,8.9133,220984.8567,8.9675,249729.2475,8.978,263781.518,9.0325,328012.7237,9.048,369983.388,9.2547,463779.74,9.174,494522.5205
256,20180813,601838.SH,8.96,8.98,8.67,8.83,9.09,-0.26,-2.8603,312714.27,275251.843,8.657,0.86,8.96,251682.335,9.0167,279775.6967,9.0175,289829.4225,9.072,337368.738,9.0762,374204.595,9.113,413984.18,9.3233,533603.2013,9.1455,491373.192
257,20180810,601838.SH,9.08,9.15,9.02,9.09,9.13,-0.04,-0.4381,190650.4,173107.495,5.2779,0.49,9.11,263306.41,9.08,282201.14,9.1325,343532.355,9.124,363183.74,9.1037,403441.2137,9.174,426506.22,9.3847,592621.3773,9.113,480638.1615
258,20180809,601838.SH,8.91,9.25,8.88,9.13,9.02,0.11,1.2195,335962.42,306487.234,9.3006,0.78,9.075,327976.51,9.1467,394493.0067,9.1325,406317.075,9.104,392229.444,9.1512,454559.6412,9.214,471270.406,9.3693,601368.4587,9.072,478481.0215
259,20180808,601838.SH,9.14,9.19,8.94,9.02,9.29,-0.27,-2.9064,319990.6,290140.649,8.8585,0.67,9.155,423758.3,9.1333,429768.6267,9.0975,406296.2,9.112,430861.934,9.19,467306.1725,9.29,502665.335,9.2973,585731.9693,9.034,473918.8705
260,20180807,601838.SH,9.02,9.34,8.84,9.29,9.09,0.2,2.2002,527526.0,480767.798,14.6038,1.08,9.19,484657.64,9.1233,435064.7333,9.135,458579.7675,9.118,476185.258,9.2487,507093.88,9.393,563778.851,9.2393,571436.188,8.986,467424.647
261,20180806,601838.SH,8.99,9.4,8.95,9.09,8.99,0.1,1.1123,441789.28,406164.649,12.2303,0.9,9.04,388834.1,9.0833,435597.69,9.075,463350.0725,9.154,490599.622,9.3237,522392.0937,9.449,631720.433,9.17,542708.01,8.9405,448245.297
262,20180803,601838.SH,9.05,9.19,8.94,8.99,9.17,-0.18,-1.9629,335878.92,304058.511,9.2983,0.61,9.08,432501.895,9.07,470537.0033,9.17,502802.2075,9.224,489828.7,9.4437,583559.1537,9.515,707340.196,9.1093,519789.6353,8.9075,434926.678
263,20180802,601838.SH,9.0,9.23,8.97,9.17,9.05,0.12,1.326,529124.87,482543.89,14.6481,0.92,9.11,537866.045,9.23,558443.3033,9.2825,528316.145,9.324,550311.368,9.5512,692442.0162,9.502,705937.966,9.0613,507231.5473,8.869,426113.16
264,20180801,601838.SH,9.3,9.35,8.98,9.05,9.47,-0.42,-4.4351,546607.22,501469.222,15.132,0.84,9.26,573102.52,9.32,528046.57,9.3625,555607.9925,9.468,574468.736,9.6237,776049.7712,9.39,663166.987,9.008,488271.1827,8.8205,406029.661
265,20180731,601838.SH,9.38,9.84,9.23,9.47,9.44,0.03,0.3178,599597.82,568682.271,16.599,0.78,9.455,518766.245,9.4667,558608.25,9.5725,581434.115,9.668,651372.444,9.6,747955.9462,9.3,619061.653,8.942,464504.4433,8.787,384018.889
266,20180730,601838.SH,9.49,9.61,9.32,9.44,9.49,-0.05,-0.5269,437934.67,414519.342,12.1236,0.47,9.465,538113.465,9.6067,575379.5467,9.7175,664316.1,9.744,772841.244,9.4225,685683.1037,9.178,568762.204,8.8693,434127.1887,8.7385,360301.202
267,20180727,601838.SH,9.76,9.81,9.38,9.49,9.89,-0.4,-4.0445,638292.26,608238.693,17.6702,0.74,9.69,644101.985,9.81,739776.5767,9.82,856567.8875,9.806,924851.692,9.2612,644135.505,9.052,534770.103,8.802,416626.004,8.6875,346908.6535
268,20180726,601838.SH,9.95,10.03,9.72,9.89,10.05,-0.16,-1.592,649911.71,640885.6,17.9919,0.86,9.97,790518.735,9.93,929326.43,9.885,996491.55,9.68,861564.564,9.1062,576424.3887,8.93,485691.637,8.7173,384713.7573,8.6505,323852.7365
269,20180725,601838.SH,9.86,10.15,9.75,10.05,9.85,0.2,2.0305,931125.76,925064.959,25.7769,1.59,9.95,1069033.79,9.8833,1112018.1633,9.6275,914477.7775,9.312,751865.238,8.8925,507437.1325,8.778,445172.406,8.6047,349883.3027,8.587,297857.3645
270,20180724,601838.SH,9.75,10.5,9.62,9.85,9.75,0.1,1.0256,1206941.82,1201090.091,33.4125,3.31,9.8,1202464.365,9.4867,908928.45,9.1275,707050.1075,8.932,586750.862,8.67,409484.8625,8.579,371070.443,8.4933,294901.0373,8.52,259408.02
271,20180723,601838.SH,9.25,9.75,9.14,9.75,8.86,0.89,10.0451,1197986.91,1135650.89,33.1646,8.28,9.305,759921.765,8.8867,540419.5367,8.7025,431703.1225,8.612,364683.164,8.485,289207.06,8.432,264770.161,8.4033,222787.8547,8.463,205340.2715
272,20180720,601838.SH,8.01,8.86,7.93,8.86,8.05,0.81,10.0621,321856.62,275315.213,8.9101,2.93,8.455,211635.85,8.3533,176275.1933,8.3275,156357.2275,8.298,144688.514,8.2737,163221.9625,8.3,162513.16,8.3147,154260.974,8.4085,153679.811
273,20180719,601838.SH,8.16,8.18,8.03,8.05,8.15,-0.1,-1.23,101415.08,81963.923,2.8075,0.73,8.1,103484.48,8.15,101190.7633,8.1575,100396.4875,8.18,109818.71,8.2137,140982.26,8.236,146288.354,8.3073,144615.4607,8.4065,145126.8185
274,20180718,601838.SH,8.24,8.3,8.14,8.15,8.25,-0.1,-1.21,105553.88,86878.962,2.9221,0.68,8.2,101078.605,8.1933,100056.9567,8.2125,111919.6175,8.244,138479.574,8.2612,150232.4875,8.251,148892.335,8.3453,146521.4067,8.436,149136.269
275,20180717,601838.SH,8.19,8.27,8.16,8.25,8.18,0.07,0.86,96603.33,79349.601,2.6743,0.59,8.215,97308.495,8.2333,114041.53,8.2675,146710.9975,8.226,155390.024,8.27,156989.3225,8.274,148976.125,8.3827,150293.7393,8.4735,153166.9205
276,20180716,601838.SH,8.27,8.28,8.15,8.18,8.27,-0.09,-1.09,98013.66,80240.993,2.7134,0.54,8.225,122760.63,8.2733,163413.5533,8.22,170086.6975,8.252,164857.158,8.2637,160845.7675,8.299,151840.2,8.4133,152225.974,8.5055,163169.34
277,20180713,601838.SH,8.38,8.39,8.23,8.27,8.37,-0.1,-1.19,147507.6,122273.752,4.0835,0.81,8.32,196113.5,8.2333,194111.0433,8.27,181568.0325,8.302,180337.806,8.2887,161893.0325,8.323,159047.204,8.4453,156676.91,8.5885,168058.56
278,20180712,601838.SH,8.06,8.38,8.05,8.37,8.06,0.31,3.85,244719.4,202505.654,6.7747,1.54,8.215,217412.765,8.27,192921.51,8.31,188545.3575,8.292,182757.998,8.3175,159110.0925,8.371,162013.836,8.482,156896.188,8.6705,166801.306
279,20180711,601838.SH,8.25,8.26,8.01,8.06,8.38,-0.32,-3.82,190106.13,154249.177,5.2628,1.33,8.22,167022.565,8.29,169820.6767,8.2725,167267.6475,8.258,159305.096,8.3237,149780.63,8.396,150542.323,8.5,152688.5007,8.7465,164973.2015
280,20180710,601838.SH,8.41,8.42,8.3,8.38,8.43,-0.05,-0.59,143939.0,120240.997,3.9847,1.04,8.405,159677.95,8.3433,159654.82,8.3075,151604.8375,8.322,142562.226,8.41,148164.1037,8.461,147745.597,8.556,152425.886,8.8485,163959.392
281,20180709,601838.SH,8.25,8.44,8.19,8.43,8.22,0.21,2.55,175416.9,146682.576,4.8562,1.27,8.325,167512.73,8.2833,154160.1167,8.3075,142218.0325,8.346,138823.242,8.44,146422.2625,8.494,145910.382,8.59,162606.734,8.9385,165739.063
282,20180706,601838.SH,8.23,8.36,8.08,8.22,8.2,0.02,0.24,159608.56,131399.33,4.4185,1.13,8.21,143531.725,8.2667,131151.7433,8.325,129674.8275,8.344,137756.602,8.475,144762.5087,8.517,144846.462,8.684,163965.478,9.0325,176300.734
283,20180705,601838.SH,8.37,8.49,8.18,8.2,8.38,-0.18,-2.15,127454.89,106666.843,3.5284,0.9,8.29,116923.335,8.36,119696.9167,8.375,132293.6125,8.45,141269.674,8.5362,140509.795,8.577,143965.283,8.7967,161482.4087,9.1775,186014.754
284,20180704,601838.SH,8.46,8.53,8.37,8.38,8.5,-0.12,-1.41,106391.78,89782.178,2.9453,0.7,8.44,115817.93,8.4333,133906.52,8.5125,144723.37,8.534,141779.55,8.5937,145175.1462,8.621,149380.203,8.9093,166862.57,9.3205,191707.131
285,20180703,601838.SH,8.45,8.53,8.32,8.5,8.42,0.08,0.95,125244.08,105895.771,3.4672,0.82,8.46,147663.89,8.5567,157500.5667,8.5725,150626.4925,8.6,152928.968,8.6487,150725.77,8.673,157357.716,9.024,171091.7807,9.455,201137.43
286,20180702,601838.SH,8.74,8.77,8.34,8.42,8.75,-0.33,-3.77,170083.7,145884.929,4.7085,1.12,8.585,173628.81,8.5967,159087.2967,8.625,159850.19,8.642,152997.522,8.6662,157770.7712,8.712,174498.48,9.136,174711.0033,9.5835,212912.1605
287,20180629,601838.SH,8.61,8.83,8.57,8.75,8.62,0.13,1.51,177173.92,154428.16,4.9048,1.21,8.685,153589.095,8.6933,156439.02,8.6975,148725.9775,8.69,151936.322,8.7262,159781.1725,8.854,177069.916,9.262,189148.778,9.721,227323.39
288,20180628,601838.SH,8.64,8.86,8.59,8.62,8.71,-0.09,-1.03,130004.27,113160.321,3.599,0.83,8.665,146071.57,8.68,139243.33,8.675,145626.9225,8.704,146660.892,8.7437,174715.8975,8.97,171588.776,9.42,200929.7807,9.84,243702.51
289,20180627,601838.SH,8.67,9.01,8.62,8.71,8.71,0.0,0.0,162138.87,142437.887,4.4886,1.0,8.71,143862.86,8.6933,150834.4733,8.725,150825.0475,8.708,156980.856,8.8962,182940.1212,9.097,179404.08,9.5827,208349.658,9.9495,258827.7595
290,20180626,601838.SH,8.51,8.74,8.44,8.71,8.66,0.05,0.58,125586.85,107938.396,3.4767,0.64,8.685,145182.275,8.73,147053.7733,8.7075,155691.3525,8.746,161786.464,9.0462,177968.0775,9.236,180173.187,9.74,217206.9173,10.0495,260969.5755
291,20180625,601838.SH,8.95,8.95,8.64,8.66,8.82,-0.16,-1.81,164777.7,144580.614,4.5616,0.81,8.74,157787.235,8.7067,165726.1867,8.755,170836.3675,8.782,195999.438,9.1937,188289.385,9.383,185567.744,9.8973,232883.7067,10.1485,263580.175
292,20180622,601838.SH,8.52,8.83,8.52,8.82,8.64,0.18,2.08,150796.77,131150.076,4.1746,0.77,8.73,166200.43,8.7867,172855.9233,8.8125,203804.8725,9.018,202203.51,9.3737,188920.915,9.548,207755.006,10.0647,252452.4127,10.2595,265699.9015
293,20180621,601838.SH,8.87,9.06,8.6,8.64,8.9,-0.26,-2.92,181604.09,160948.777,5.0274,0.9,8.77,183885.5,8.81,221474.24,9.0675,215055.195,9.236,196516.66,9.5437,192512.8712,9.778,228064.225,10.2187,276049.716,10.36,268777.333
294,20180620,601838.SH,8.81,8.97,8.66,8.9,8.89,0.01,0.11,186166.91,164826.8,5.1538,0.94,8.895,241409.315,9.21,226205.5633,9.385,200244.8025,9.486,201827.304,9.7525,218143.65,10.02,234034.059,10.3633,292776.7273,10.476,273445.634
295,20180619,601838.SH,9.61,9.69,8.86,8.89,9.84,-0.95,-9.65,296651.72,275788.59,8.2124,1.69,9.365,246224.89,9.5467,204937.4333,9.6325,205742.4025,9.726,198559.91,10.03,239108.9062,10.237,244917.144,10.484,294030.6127,10.583,286832.7995
296,20180615,601838.SH,9.89,10.04,9.83,9.84,9.91,-0.07,-0.71,195798.06,194772.875,5.4204,0.92,9.875,159080.29,9.88,175439.2967,9.935,174036.9575,9.984,175136.05,10.3012,232190.245,10.455,251325.841,10.604,286107.0873,10.679,285520.5355
297,20180614,601838.SH,9.86,10.0,9.81,9.91,9.89,0.02,0.2,122362.52,121345.072,3.3874,0.47,9.9,165259.915,9.9667,166783.2567,10.02,169970.5475,10.078,213306.502,10.455,244590.2075,10.588,277576.864,10.6733,286865.3653,10.719,283476.107
298,20180613,601838.SH,10.1,10.11,9.88,9.89,10.1,-0.21,-2.08,208157.31,207300.501,5.7625,0.78,9.995,188993.625,10.0567,185839.89,10.12,236042.4975,10.32,259611.79,10.6,274387.2287,10.71,315816.244,10.7347,292864.224,10.753,283717.1045
299,20180612,601838.SH,10.16,10.22,9.95,10.1,10.18,-0.08,-0.79,169829.94,171515.701,4.7015,0.58,10.14,174681.18,10.1967,245337.56,10.4275,272475.41,10.554,266240.814,10.76,305656.1012,10.802,338251.439,10.806,297318.4107,10.792,281354.072
300,20180611,601838.SH,10.18,10.28,10.05,10.18,10.31,-0.13,-1.26,179532.42,182218.44,4.9701,0.55,10.245,283091.37,10.5367,306690.5667,10.6675,290343.5325,10.748,291274.378,10.8887,347521.8987,10.863,341765.964,10.8687,316257.096,10.8295,285600.588
301,20180608,601838.SH,10.7,10.77,10.28,10.31,10.84,-0.53,-4.89,386650.32,404804.309,10.7039,1.13,10.715,370269.64,10.83,327280.57,10.89,319209.8675,10.926,327515.632,10.9675,379144.0037,10.914,341592.606,10.9107,322315.364,10.863,295293.6275
302,20180607,601838.SH,11.06,11.27,10.97,11.12,11.06,0.06,0.54,353888.96,393827.113,9.7969,0.95,11.09,297595.695,11.0833,296729.7167,11.08,312731.96,11.098,341847.226,11.0175,356434.6125,10.971,323644.797,10.9327,306865.9753,10.878,284885.026
303,20180606,601838.SH,11.01,11.1,10.89,11.06,11.07,-0.01,-0.09,241302.43,265737.311,6.6801,0.59,11.065,268150.095,11.0667,299012.96,11.0925,338836.7925,11.1,372020.698,10.9637,334423.3475,10.942,309490.441,10.8973,291752.2093,10.854,274207.502
304,20180605,601838.SH,10.98,11.12,10.86,11.07,11.07,0.0,0.0,294997.76,323733.939,8.1666,0.75,11.07,327868.225,11.1033,371348.2467,11.11,404700.265,11.05,410262.064,10.9412,330157.0725,10.932,312857.209,10.8713,286391.8247,10.8325,270311.912
305,20180604,601838.SH,11.22,11.38,10.98,11.07,11.17,-0.1,-0.9,360738.69,403174.837,9.9865,1.01,11.12,409523.49,11.1233,441267.7667,11.045,439078.14,10.978,392257.55,10.9112,319825.5275,10.929,328748.455,10.8567,283709.3247,10.8135,269008.7785
306,20180601,601838.SH,11.0,11.39,10.9,11.17,11.13,0.04,0.36,458308.29,509051.97,12.6876,1.5,11.15,481532.305,11.0367,465191.29,10.955,400137.265,10.902,355669.58,10.8975,309104.455,10.903,319715.23,10.842,284552.9593,10.7915,260555.7835
307,20180531,601838.SH,10.7,11.14,10.65,11.13,10.81,0.32,2.96,504756.32,552836.84,13.9735,2.04,10.97,468632.79,10.8833,380746.9233,10.835,330009.9025,10.844,305442.368,10.8812,308554.6962,10.85,289375.35,10.8047,265897.626,10.755,245628.6595
308,20180530,601838.SH,10.56,11.05,10.5,10.81,10.71,0.1,0.93,432509.26,467035.822,11.9734,2.01,10.76,318742.225,10.7367,271761.0967,10.7725,255613.88,10.784,246960.184,10.8412,279260.9612,10.796,251617.965,10.772,241603.1033,10.73,229414.3905
309,20180529,601838.SH,10.61,10.78,10.51,10.71,10.69,0.02,0.19,204975.19,218001.433,5.6744,0.77,10.7,191387.015,10.76,196648.7533,10.7775,200572.915,10.814,215452.354,10.82,244560.99,10.782,224456.705,10.76,223661.8613,10.717,216476.63
310,20180528,601838.SH,10.82,10.91,10.66,10.69,10.88,-0.19,-1.75,177798.84,191668.204,4.9221,0.63,10.785,192485.535,10.8,199105.49,10.84,218071.645,10.88,265239.36,10.805,234836.9,10.796,229435.212,10.7587,227925.8547,10.708,214495.696
311,20180525,601838.SH,10.79,10.95,10.72,10.88,10.83,0.05,0.46,207172.23,223807.923,5.7353,0.76,10.855,209758.815,10.89,231495.9133,10.9275,287099.49,10.904,283760.88,10.8025,232724.1275,10.812,248994.649,10.7547,228851.1847,10.692,215078.922
312,20180524,601838.SH,10.94,11.02,10.82,10.83,10.96,-0.13,-1.19,212345.4,231967.668,5.8785,0.83,10.895,243657.755,10.9433,313741.91,10.91,302908.0425,10.856,273308.332,10.7987,238672.6312,10.785,246125.255,10.7253,225690.7567,10.6795,213689.811
313,20180523,601838.SH,10.95,11.08,10.87,10.96,11.04,-0.08,-0.72,274970.11,301867.783,7.6122,1.18,11.0,364440.165,10.9367,333095.59,10.8625,288549.065,10.808,256275.746,10.8012,258803.6075,10.766,238924.563,10.712,223565.7927,10.6725,216577.8765
314,20180522,601838.SH,10.78,11.09,10.65,11.04,10.81,0.23,2.13,453910.22,495739.902,12.5659,2.34,10.925,362158.33,10.83,293075.3833,10.77,251602.155,10.75,233461.056,10.7575,246742.13,10.733,227766.615,10.6847,216818.0553,10.6455,210963.2495
315,20180521,601838.SH,10.73,10.85,10.64,10.81,10.64,0.17,1.6,270406.44,291153.029,7.4858,1.26,10.725,212657.965,10.68,184166.1333,10.6775,178348.765,10.712,193631.064,10.7075,207545.6625,10.698,209269.102,10.6507,197581.1413,10.6105,205610.9315
316,20180518,601838.SH,10.57,10.66,10.47,10.64,10.59,0.05,0.47,154909.49,163793.467,4.2884,0.71,10.615,141045.98,10.6333,147662.8733,10.6875,174437.22,10.72,214228.418,10.685,194168.6862,10.68,201396.337,10.6213,192184.936,10.6125,205989.766
317,20180517,601838.SH,10.69,10.76,10.56,10.59,10.67,-0.08,-0.75,127182.47,135443.979,3.5209,0.57,10.63,144039.565,10.7033,180946.4633,10.74,229058.15,10.714,218942.178,10.6912,208421.8862,10.66,201881.969,10.6207,193816.9707,10.63,219134.625
318,20180516,601838.SH,10.79,10.82,10.66,10.67,10.85,-0.18,-1.66,160896.66,172815.211,4.4542,0.72,10.76,207828.46,10.79,263016.71,10.745,241882.105,10.724,221573.38,10.6962,216483.9262,10.664,207210.816,10.6273,203345.2533,10.6315,224193.4095
319,20180515,601838.SH,10.71,10.88,10.71,10.85,10.85,0.0,0.0,254760.26,274523.898,7.0527,1.13,10.85,314076.735,10.77,268877.2533,10.7375,236742.56,10.716,222072.174,10.6675,216342.57,10.652,208496.555,10.6107,203463.9807,10.638,231331.904
320,20180514,601838.SH,10.58,10.99,10.55,10.85,10.61,0.24,2.26,373393.21,402780.8,10.3369,1.98,10.73,275935.75,10.7,230736.66,10.6825,213900.1525,10.684,224907.14,10.64,207056.405,10.62,199556.18,10.5767,209604.2207,10.657,239990.958
321,20180511,601838.SH,10.62,10.72,10.56,10.61,10.64,-0.03,-0.28,178478.29,189966.09,4.9409,0.97,10.625,159408.385,10.6267,160735.8,10.6425,187785.6225,10.64,188564.256,10.6025,182101.51,10.572,181163.195,10.5767,203243.5487,10.6905,247643.6405
322,20180510,601838.SH,10.66,10.69,10.53,10.64,10.63,0.01,0.09,140338.48,148795.796,3.8851,0.73,10.635,151864.555,10.6533,190888.0667,10.6475,191085.7475,10.606,184821.76,10.5925,180461.2875,10.574,181254.367,10.602,219198.774,10.7155,258697.711
323,20180509,601838.SH,10.65,10.67,10.56,10.63,10.69,-0.06,-0.56,163390.63,173447.911,4.5232,0.84,10.66,216162.86,10.65,208001.5033,10.5975,195942.58,10.604,192848.252,10.5587,186601.8975,10.579,194231.19,10.6007,225066.7527,10.7455,274287.382
324,20180508,601838.SH,10.6,10.75,10.56,10.69,10.63,0.06,0.56,268935.09,286909.799,7.4451,1.54,10.66,230306.94,10.5867,206793.23,10.5975,200212.6575,10.588,194920.936,10.5587,188601.82,10.558,194159.884,10.612,234418.4807,10.752,276858.736
325,20180507,601838.SH,10.46,10.64,10.42,10.63,10.44,0.19,1.82,191678.79,202314.381,5.3064,1.1,10.535,175722.3,10.5667,177305.18,10.5625,176417.3975,10.556,174205.22,10.5587,188748.2725,10.523,201952.761,10.648,245018.8973,10.7495,275229.1295
326,20180504,601838.SH,10.58,10.62,10.43,10.44,10.63,-0.19,-1.79,159765.81,167786.209,4.4229,0.9,10.535,170118.375,10.54,171330.2667,10.5375,169836.8275,10.504,173762.134,10.5325,185123.12,10.545,210583.195,10.7073,267336.7687,10.749,276075.474
327,20180503,601838.SH,10.43,10.66,10.4,10.63,10.55,0.08,0.76,180470.94,190183.524,4.9961,0.92,10.59,177112.495,10.57,173193.8333,10.52,177261.215,10.542,177686.974,10.52,208510.3762,10.6,236387.281,10.752,283323.028,10.77,279624.2195
328,20180502,601838.SH,10.69,10.75,10.48,10.55,10.53,0.02,0.19,173754.05,184104.596,4.8101,0.9,10.54,169555.28,10.4833,176191.3067,10.52,176990.9825,10.554,195614.128,10.5475,220699.4,10.599,241176.003,10.7927,301433.7587,10.791,282769.8155
329,20180427,601838.SH,10.49,10.61,10.36,10.53,10.37,0.16,1.54,165356.51,173289.975,4.5777,0.72,10.45,177409.935,10.51,178069.96,10.555,201079.1475,10.528,193398.832,10.6025,251205.9775,10.624,254167.253,10.8067,304171.336,10.821,291706.3665
330,20180426,601838.SH,10.66,10.66,10.33,10.37,10.63,-0.26,-2.45,189463.36,198282.96,5.245,0.77,10.5,184426.685,10.5633,212986.6933,10.5275,200409.4125,10.49,229700.302,10.6137,259081.1837,10.694,280425.736,10.814,308903.766,10.844,304223.132
331,20180425,601838.SH,10.61,10.64,10.5,10.63,10.69,-0.06,-0.56,179390.01,189474.772,4.9662,0.61,10.66,224748.36,10.58,204058.0967,10.52,239759.5375,10.586,247404.256,10.6675,273356.5825,10.809,314124.086,10.8307,310179.9207,10.87,308670.937
332,20180424,601838.SH,10.42,10.85,10.38,10.69,10.42,0.27,2.59,270106.71,287795.345,7.4775,0.94,10.555,216392.14,10.4833,259882.7133,10.575,264407.8175,10.658,295087.588,10.7425,304425.4987,10.857,336141.055,10.846,313603.3013,10.877,313091.0675
333,20180423,601838.SH,10.32,10.47,10.29,10.42,10.34,0.08,0.77,162677.57,168859.038,4.5035,0.52,10.38,254770.715,10.5367,262508.1867,10.65,301332.8075,10.644,286737.878,10.8462,336468.0175,10.912,354343.574,10.87,311821.7113,10.874,322647.14
334,20180420,601838.SH,10.8,10.81,10.29,10.34,10.85,-0.51,-4.7,346863.86,365158.733,9.6024,1.05,10.595,312423.495,10.7267,347551.22,10.7,317752.955,10.72,314935.674,10.9325,366078.2837,10.946,359557.588,10.9187,324475.5447,10.9355,331418.198
335,20180419,601838.SH,10.83,10.94,10.77,10.85,10.99,-0.14,-1.27,277983.13,301428.683,7.6956,0.73,10.92,347894.9,10.82,308049.32,10.815,306953.6275,10.898,331151.17,11.045,379236.7887,10.976,348505.498,10.962,329064.0753,11.015,336150.4895
336,20180418,601838.SH,10.94,11.08,10.76,10.99,10.62,0.37,3.48,417806.67,458147.639,11.5664,1.11,10.805,323082.415,10.8033,316610.46,10.91,344443.18,11.032,380843.916,11.0337,371341.1112,10.953,341567.753,10.9647,329093.164,11.0665,333250.6965
337,20180417,601838.SH,10.82,10.97,10.6,10.62,10.8,-0.18,-1.67,228358.16,246584.584,6.3218,0.54,10.71,266012.355,10.8833,319988.6833,11.0425,371603.2275,11.056,377194.522,10.99,348658.1475,10.94,322861.158,10.95,319092.2273,11.114,325741.3575
338,20180416,601838.SH,11.1,11.16,10.75,10.8,11.23,-0.43,-3.83,303666.55,331541.44,8.4066,0.75,11.015,365803.945,11.1833,419351.5833,11.165,414403.6125,11.18,421949.27,10.99,346189.0875,10.983,324363.628,10.9507,334616.894,11.176,329834.5655
339,20180413,601838.SH,11.56,11.66,11.21,11.23,11.52,-0.29,-2.52,427941.34,487487.04,11.8469,1.17,11.375,477194.1,11.2867,451315.9667,11.275,451519.95,11.172,404179.502,10.9975,337073.3587,11.018,329245.48,11.0073,336912.3727,11.2395,343053.988
340,20180412,601838.SH,11.0,11.7,10.97,11.52,11.11,0.41,3.69,526446.86,596532.059,14.5739,1.74,11.315,463003.28,11.29,459379.4867,11.1575,398239.0425,11.054,365859.826,10.975,314003.5487,10.994,328020.528,11.054,337816.9293,11.3105,343420.769
341,20180411,601838.SH,11.35,11.35,11.05,11.11,11.24,-0.13,-1.16,399559.7,446399.307,11.0612,1.49,11.175,425845.8,11.0367,355503.1033,10.9375,325713.0675,10.874,302291.59,10.9287,292258.325,10.931,303217.788,11.078,317386.29,11.3785,348874.593
342,20180410,601838.SH,10.83,11.25,10.77,11.24,10.76,0.48,4.46,452131.9,498355.644,12.5166,1.99,11.0,333474.805,10.88,301097.5233,10.815,277974.5625,10.824,268527.794,10.9137,294274.84,10.897,290041.08,11.1333,308590.3027,11.4755,361037.477
343,20180409,601838.SH,10.64,10.78,10.45,10.76,10.64,0.12,1.13,214817.71,229050.933,5.9469,0.84,10.7,225580.335,10.6733,219922.1167,10.72,222626.7675,10.786,226777.986,10.87,272560.785,10.836,290950.706,11.1747,299129.664,11.56,362912.998
344,20180404,601838.SH,10.69,10.91,10.61,10.64,10.62,0.02,0.19,236342.96,254536.443,6.5428,0.81,10.63,222474.32,10.7067,225229.7867,10.7925,229768.055,10.864,254311.458,10.8712,279182.6487,10.925,303278.808,11.262,322678.8167,11.661,380524.1835
345,20180403,601838.SH,10.66,10.74,10.57,10.62,10.86,-0.24,-2.21,208605.68,222131.644,5.7749,0.69,10.74,219673.2,10.8433,227576.42,10.92,258803.5825,10.934,290181.23,10.87,307293.2987,11.054,323795.481,11.396,335941.0833,11.774,416910.2665
346,20180402,601838.SH,11.05,11.17,10.85,10.86,11.05,-0.19,-1.72,230740.72,253863.306,6.3877,0.74,10.955,237061.79,11.02,275536.2167,11.0125,310575.1175,10.988,304143.986,10.9987,323479.93,11.18,324933.64,11.5467,364402.2607,11.9065,449717.5045
347,20180330,601838.SH,11.1,11.16,11.02,11.05,11.15,-0.1,-0.9,243382.86,269198.341,6.7377,0.69,11.1,297933.965,11.0633,337186.5833,11.02,322494.8025,10.97,311554.366,11.1325,349826.0512,11.288,328621.557,11.6927,391874.038,12.0025,463478.697
348,20180329,601838.SH,10.93,11.2,10.77,11.15,10.99,0.16,1.46,352485.07,388284.238,9.758,1.0,11.07,384088.445,11.01,348865.45,10.95,328597.2425,10.886,355123.426,11.2362,346901.6025,11.369,335305.503,11.818,408291.3353,12.0965,494248.655
349,20180328,601838.SH,10.74,11.63,10.67,10.99,10.89,0.1,0.92,415691.82,463048.437,11.5078,1.16,10.94,347055.64,10.8833,320634.6333,10.82,355783.015,10.986,352246.158,11.335,336293.455,11.461,356862.496,11.9267,422595.092,12.174,501132.2235
350,20180327,601838.SH,10.88,11.09,10.81,10.89,10.77,0.12,1.11,278419.46,303590.734,7.7076,0.81,10.83,273106.04,10.7633,335813.4133,10.985,336384.7425,11.174,357409.732,11.4437,323109.7675,11.627,358821.01,12.054,459153.2787,12.2545,509997.504
351,20180326,601838.SH,10.36,10.85,10.17,10.77,10.63,0.14,1.32,267792.62,282233.165,7.4135,0.77,10.7,364510.39,11.0167,355706.5033,11.245,377157.3,11.372,345723.294,11.5912,359314.21,11.826,394531.398,12.2127,498242.0107,12.3565,527792.1485
352,20180323,601838.SH,11.2,11.28,10.5,10.63,11.65,-1.02,-8.76,461228.16,503210.592,12.7684,1.46,11.14,399663.445,11.4033,413612.1933,11.5225,365205.9625,11.606,345688.748,11.8262,380249.7525,12.054,432033.874,12.3467,514120.1407,12.4805,562430.7995
353,20180322,601838.SH,11.92,11.97,11.58,11.65,11.93,-0.28,-2.35,338098.73,396494.027,9.3598,0.94,11.79,389804.21,11.82,333198.5633,11.85,316803.895,11.852,315487.58,12.1075,402036.65,12.284,434875.29,12.5,540623.7313,12.573,564642.4675
354,20180321,601838.SH,11.9,12.26,11.85,11.93,11.88,0.05,0.42,441509.69,532573.563,12.2226,1.23,11.905,330748.48,11.9167,309705.6167,11.9025,309834.7925,11.936,361478.834,12.2825,440126.4812,12.397,457769.559,12.57,550760.912,12.6175,580646.9135
355,20180320,601838.SH,11.76,11.95,11.72,11.88,11.94,-0.06,-0.5,219987.27,260179.863,6.09,0.5,11.91,243803.58,11.8933,265943.16,11.9375,341471.12,12.08,360232.288,12.4075,446143.06,12.494,510025.052,12.6147,560860.0947,12.6325,592840.068
356,20180319,601838.SH,11.81,11.97,11.64,11.94,11.86,0.08,0.67,267619.89,316409.957,7.4087,0.52,11.9,288921.105,11.9567,381965.7367,12.13,395293.5425,12.28,443339.502,12.52,489524.8287,12.633,574501.369,12.6847,588481.7667,12.6825,633992.144
357,20180316,601838.SH,12.03,12.14,11.84,11.86,12.07,-0.21,-1.74,310222.32,371740.682,8.5881,0.56,11.965,439138.66,12.1933,437851.4267,12.365,487269.405,12.502,518379.0,12.64,576580.42,12.717,598335.837,12.772,634678.15,12.786,672921.3285
358,20180315,601838.SH,12.51,12.56,11.9,12.07,12.65,-0.58,-4.59,568055.0,693567.329,15.7258,1.03,12.36,501665.98,12.5333,546285.1,12.6625,570418.17,12.716,554263.0,12.8162,645896.435,12.824,653191.807,12.8133,647694.0967,12.865,718102.422
359,20180314,601838.SH,12.6,12.75,12.55,12.65,12.88,-0.23,-1.79,435276.96,549774.686,12.05,0.66,12.765,535400.15,12.86,571205.8933,12.8775,550815.0,12.858,554060.284,12.905,638135.1312,12.887,645401.951,12.8447,653702.94,12.9965,781050.9125
360,20180313,601838.SH,13.0,13.43,12.85,12.88,13.05,-0.17,-1.3,635523.34,832656.601,17.5936,0.9,12.965,639170.36,12.9533,589327.68,12.91,583756.115,12.908,659817.816,12.94,691073.2637,12.882,661173.998,12.8167,670375.9947,13.1755,784288.209
361,20180312,601838.SH,12.98,13.18,12.8,13.05,12.93,0.12,0.93,642817.38,836254.036,17.7955,0.95,12.99,566229.85,12.92,566500.3733,12.915,665891.435,12.986,705663.236,12.9175,672902.4012,12.887,661052.899,12.8167,697543.0247,13.269,755041.739
362,20180309,601838.SH,12.71,12.99,12.67,12.93,12.78,0.15,1.17,489642.32,627859.431,13.555,0.65,12.855,528341.87,12.87,673582.7867,12.97,721374.7,12.932,678292.674,12.8612,666674.9075,12.907,692827.725,12.8807,724435.438,13.287,723758.669
363,20180308,601838.SH,12.63,12.83,12.55,12.78,12.9,-0.12,-0.93,567041.42,720038.225,15.6977,0.77,12.84,765553.02,12.9833,798618.8267,12.9325,725455.2625,12.932,752120.614,12.8612,684758.6612,12.862,694409.645,12.9147,772715.5627,13.25,699491.151
364,20180307,601838.SH,13.8,14.0,12.88,12.9,13.27,-0.37,-2.79,964064.62,1293465.607,26.6887,1.46,13.085,914407.53,12.9833,778259.8767,12.97,798390.4125,12.916,736743.618,12.92,733949.1887,12.838,703524.268,13.0427,856714.4553,13.165,671207.9815
365,20180306,601838.SH,12.9,13.31,12.85,13.27,12.78,0.49,3.83,864750.44,1132047.764,23.9394,1.4,13.025,685357.505,12.9933,743165.6767,12.92,679913.3675,12.856,662530.18,12.8675,676623.8012,12.771,675655.084,13.2647,825778.34,13.0235,623104.2905
366,20180305,601838.SH,12.87,12.98,12.61,12.78,12.93,-0.15,-1.16,505964.57,644758.631,14.0069,0.72,12.855,682373.295,12.8033,618301.01,12.7525,611975.115,12.788,616442.562,12.7762,650803.4525,12.732,693482.919,13.3633,771501.24,,
367,20180302,601838.SH,12.5,13.33,12.43,12.93,12.7,0.23,1.81,858782.02,1113773.715,23.7741,1.35,12.815,674469.23,12.7433,647311.9633,12.79,644062.06,12.882,707362.776,12.7075,673229.4787,12.855,747506.82,13.4053,738914.0007,,
368,20180301,601838.SH,12.42,12.75,12.38,12.7,12.6,0.1,0.79,490156.44,616502.299,13.5693,0.73,12.65,541576.935,12.7433,572488.74,12.87,669507.965,12.792,636698.676,12.7012,696260.325,12.906,783013.037,13.356,681947.9967,,
369,20180228,601838.SH,12.75,12.77,12.36,12.6,12.93,-0.33,-2.55,592997.43,745361.437,16.4163,0.86,12.765,613654.89,12.9267,729291.8067,12.815,673334.235,12.76,670304.918,12.865,765766.2175,13.106,916699.874,13.248,649362.7693,,
370,20180227,601838.SH,13.05,13.17,12.8,12.93,13.25,-0.32,-2.42,634312.35,821296.616,17.56,0.82,13.09,797438.995,12.8867,700113.17,12.8,689631.79,12.686,688779.988,12.97,843372.0625,13.469,907402.42,13.0793,609962.3273,,
371,20180226,601838.SH,12.7,13.5,12.53,13.25,12.48,0.77,6.17,960565.64,1243422.818,26.5919,1.22,12.865,733013.58,12.7567,708071.6033,12.625,702396.8975,12.676,770523.276,13.1912,992461.12,13.651,849030.579,,,,
372,20180223,601838.SH,12.32,12.6,12.32,12.48,12.54,-0.06,-0.48,505461.52,628429.729,13.993,0.54,12.51,581824.585,12.4167,616340.65,12.5325,723012.685,12.828,787650.864,13.5637,934893.2762,13.667,754689.613,,,,
373,20180222,601838.SH,12.45,12.88,12.28,12.54,12.23,0.31,2.53,658187.65,828666.668,18.221,0.57,12.385,671780.215,12.55,795529.74,12.915,858198.2,13.02,929327.398,13.8475,878034.8288,13.638,704572.657,,,,
374,20180214,601838.SH,12.51,12.85,12.21,12.23,12.88,-0.65,-5.05,685372.78,851441.946,18.9736,0.61,12.555,864200.785,13.04,924868.3833,13.14,997112.335,13.452,1163094.83,13.9562,797905.87,13.492,638891.695,,,,
375,20180213,601838.SH,13.88,14.17,12.84,12.88,14.01,-1.13,-8.07,1043028.79,1412151.641,28.8748,1.12,13.445,1044616.185,13.4433,1101025.52,13.7575,1282525.3425,14.252,1126024.852,13.9512,712770.7675,13.276,570553.497,,,,
376,20180212,601838.SH,13.75,14.54,13.21,14.01,13.44,0.57,4.24,1046203.58,1443553.487,28.9626,1.45,13.725,1130023.885,14.05,1362357.5267,14.595,1146773.8675,14.626,927537.882,13.7262,582564.4225,,,,,,
377,20180209,601838.SH,13.87,14.13,13.24,13.44,14.7,-1.26,-8.57,1213844.19,1659674.061,33.6035,2.53,14.07,1520434.5,14.79,1180297.2967,14.78,897871.4575,14.506,721728.362,13.2337,452037.825,,,,,,
378,20180208,601838.SH,16.33,16.6,14.61,14.7,16.23,-1.53,-9.43,1827024.81,2774883.193,50.5786,15.93,15.465,1163523.85,15.2267,792547.2133,14.7725,598699.405,14.256,479817.916,,,,,,,,
379,20180207,601838.SH,16.23,16.23,16.22,16.23,14.75,1.48,10.03,500022.89,811537.077,13.8424,33.15,15.49,275308.415,14.7967,189257.6033,14.145,143016.1925,13.532,114688.56,,,,,,,,
380,20180206,601838.SH,14.75,14.75,14.75,14.75,13.41,1.34,9.99,50593.94,74626.062,1.4006,,14.08,33874.96,13.45,24013.96,12.8575,18354.9775,12.3,15082.142,,,,,,,,
381,20180205,601838.SH,13.41,13.41,13.41,13.41,12.19,1.22,10.01,17155.98,23006.169,0.4749,,12.8,10723.97,12.2267,7608.6567,11.6875,6204.1925,,,,,,,,,,
382,20180202,601838.SH,12.19,12.19,12.19,12.19,11.08,1.11,10.02,4291.96,5231.899,0.1188,,11.635,2834.995,11.1133,2553.5967,,,,,,,,,,,,
383,20180201,601838.SH,11.08,11.08,11.08,11.08,10.07,1.01,10.03,1378.03,1526.857,0.0381,,10.575,1684.415,,,,,,,,,,,,,,
384,20180131,601838.SH,8.39,10.07,8.39,10.07,6.99,3.08,44.06,1990.8,1999.528,0.0551,,,,,,,,,,,,,,,,,
